artist_name,mb_artist_country,mb_artist_main_genre,mb_artist_type,mb_artist_career_begin,mb_artist_career_end,mb_artist_career_ended,wiki_nationality
KELLY CLARKSON,United States,pop,Person,1982-04-24,,false,United States of America
murta feat jura,United States,southern rock,Group,1969-01-01,,false,Unknown
Seal,United Kingdom,pop,Person,1963-02-19,,false,Unknown
SELENA GOMEZ,United States,dance-pop,Person,1992-07-22,,false,United States of America
Casper Magico ,Puerto Rico,latin,Person,1989-06-21,,false,Unknown
SPANDAU BALLET,United Kingdom,new wave,Group,1979-01-01,1990-01-01,true,Unknown
LIGHTHOUSE FAMILY,United Kingdom,pop,Group,1993-01-01,,false,Unknown
DAVID GUETTA x GIRL ON COUCH x BILLEN TED,Unknown,"",Group,,,false,Unknown
Mary J. Blige,United States,contemporary r&b,Person,1971-01-11,,false,United States of America
FLOWEROVLOVE,Unknown,"",Person,,,false,Unknown
Run the Jewels ,United States,hip hop,Group,2013-01-01,,false,Unknown
"karol g, maldy ",Puerto Rico,latin,Person,1982-07-29,,false,Unknown
PAT BENATAR,United States,rock,Person,1953-01-10,,false,United States of America
BERLIN,United States,new wave,Group,1978-01-01,,false,Unknown
"Quincy Jones, Tevin Campbell",United States,soul,Person,1976-11-12,,false,United States of America
LINDA PERRY,United States,adult contemporary,Person,1912-05-18,2001-05-12,true,United States of America
Jay Sean,United Kingdom,contemporary r&b,Person,1981-03-26,,false,United Kingdom
MIMI WEBB,United Kingdom,electropop,Person,2000-07-23,,false,United Kingdom
LUKAS GRAHAM,Denmark,pop soul,Group,2011-01-01,,false,Unknown
ENRIQUE IGLESIAS FT. PITBULL,United States,dance-pop,Person,1981-01-15,,false,Unknown
RIHANNA feat. NE-YO,United States,contemporary r&b,Person,1979-10-18,,false,Unknown
BRYAN ADAMS [+] ROD STEWART [+] STING,United Kingdom,blues rock,Person,1945-01-10,,false,Unknown
TEMPTATIONS,United States,soul,Group,1960-01-01,,false,Unknown
FRANKiE GOES TO HOLLYWOOD,Canada,"",Group,1979-01-01,,true,Unknown
the cure,United Kingdom,post-punk,Group,1977-01-01,,false,Unknown
GYM CLASS HEROES [+] PATRICK STUMP,United States,hip hop,Group,1997-01-01,2019-01-01,true,Unknown
BILLIE EILISH,United States,alternative pop,Person,2001-12-18,,false,United States of America
GIGI PEREZ,Unknown,queer,Person,,,false,United States of America
Heróis do Mar,Portugal,new wave,Group,1981-03-01,1990-01-01,true,Unknown
Major Lazer,Jamaica,dancehall,Group,2008-01-01,,false,Unknown
EUROPE,Sweden,hard rock,Group,1982-01-01,,false,Unknown
ESTELLE [+] KANYE WEST,United States,hip hop,Person,1977-06-08,,false,United Kingdom
Joji,United States,ballad,Person,1992-09-18,,false,Japan
Miguel Dias,Unknown,"",Person,,,false,Cuba
Nicki Minaj ,United States,hip hop,Person,1982-12-08,,false,Trinidad and Tobago
Niall Horan,Ireland,pop,Person,1993-09-13,,false,Ireland
"D.A.M.A, LOS ROMEROS",Spain,"",Group,1960-01-01,,false,El Salvador
James Bay,United Kingdom,alternative rock,Person,1990-09-04,,false,Unknown
Sam Smith,United States,indie folk,Person,1969-08-06,2003-10-21,true,United Kingdom
SHAWN MENDES & CAMILA CABELLO,United States,pop,Person,1997-03-03,,false,Unknown
DJ Snake,France,dance,Person,1986-06-13,,false,France
Marshmello,United States,edm,Person,1992-05-19,,false,United States of America
Foo Fighters,United States,rock,Group,1994-01-01,,false,Unknown
JVKE,United States,alternative pop,Person,2001-03-01,,false,United States of America
Jovem Dionisio,Unknown,"","",,,false,Unknown
"MIGUEL ARAUJO, OS QUATRO E MEIA",Portugal,"",Group,2013-01-01,,false,Unknown
WET BED GANG,Portugal,hip hop,Group,2014-01-01,,false,Unknown
James Morrison,Unknown,folk rock,Person,1945-08-31,,false,United Kingdom
"PABLO ALBORAN, MARIA BECERRA",Spain,pop,Person,1989-05-31,,false,Spain
JAMES BAY,United Kingdom,alternative rock,Person,1990-09-04,,false,Unknown
TYLA,United Kingdom,spike,Person,,,false,South Africa
BIANCA BARROS,Unknown,"","",,,false,Unknown
LOST FREQUENCIES & CALUM SCOTT,Belgium,house,Person,1993-11-30,,false,Unknown
Destiny's Child,United States,pop,Group,1990-01-01,2006-01-01,true,Unknown
Kodak Black ,United States,hip hop,Person,1997-06-11,,false,United States of America
Cian Ducrot,Unknown,"",Person,,,false,Ireland
HALSEY,United States,alternative pop,Person,1994-09-29,,false,Unknown
JAMES ARTHUR,United Kingdom,_consistency,Person,1859-05-22,1930-07-07,true,United Kingdom
ALEXANDRA STAN,Romania,electropop,Person,1989-06-10,,false,Romania
SIA,Australia,pop,Person,1975-12-18,,false,Australia
HOOBASTANK,United States,alternative rock,Group,1994-01-01,,false,Unknown
Leela James,United States,soul,Person,1933-05-03,2006-12-25,true,United States of America
Creed,United States,alternative rock,Group,1995-01-01,,false,Unknown
Kings of Leon,United States,alternative rock,Group,1999-01-01,,false,Unknown
DJO,United States,bedroom pop,Person,1992-04-24,,false,Unknown
JULINHO KSD FEAT. SORAIA RAMOS,Portugal,"","",,,false,Unknown
CARLY RAE JEPSEN,Canada,pop,Person,1985-11-21,,false,Canada
DAVID CARREIRA FEAT. DJODJE,Cabo Verde,kizomba,Person,1989-01-15,,false,Unknown
Kali Uchis,United States,alternative r&b,Person,1994-07-17,,false,United States of America
Tiago Bettencourt,Portugal,"",Person,1979-09-16,,false,Portugal
"NUNO RIBEIRO, LOONY JOHNSON",Unknown,"",Person,,,false,Unknown
Pharrell Williams,United States,contemporary r&b,Person,1973-04-05,,false,United States of America
Doja Cat,United States,hip hop,Person,1995-10-21,,false,United States of America
Gama WNTD,Ireland,thrash metal,Group,2002-01-01,,false,Unknown
ELTON JOHN,United Kingdom,pop,Person,1947-03-25,,false,United Kingdom
MODJO,France,french house,Group,1998-01-01,2002-01-01,true,Unknown
USHER feat. PITBULL,United States,dance-pop,Person,1981-01-15,,false,Unknown
CARLAO,Portugal,hip hop,Person,1975-07-20,,false,Unknown
"AgroPlay, Ana Castela",Brazil,dance-pop,Person,2003-11-16,,false,Brazil
Imagine Dragons,United States,alternative rock,Group,2008-01-01,,false,Unknown
"Buba Espinho, Bárbara Tinoco",Unknown,"",Person,1998-11-16,,false,Unknown
Liam Payne,Unknown,death by fall,Person,1993-08-29,2024-10-16,true,United Kingdom
ADELE,United Kingdom,pop,Person,1988-05-05,,false,United Kingdom
Riton,United Kingdom,dance,Person,1978-09-01,,false,Unknown
Hugel,France,dance,Person,1987-12-04,,false,Unknown
Matuê,Brazil,hip hop,Person,1993-10-11,,false,Brazil
JUSTIN BIEBER,Canada,pop,Person,1994-03-01,,false,Canada
ONEREPUBLIC,United States,pop,Group,2004-01-01,,false,Unknown
JURA,Unknown,"","",,,,Unknown
"SYRO, BISPO","","","",,,,Unknown
Bzrp ,"","","",,,,Argentina
"Lady Gaga, Colby Odonis",United States,contemporary r&b,Person,1989-03-14,,false,United States of America
"DIOGO PIÇARRA, PEDRO ABRUNHOSA",Portugal,"",Person,1960-12-20,,false,Unknown
Seu Jorge,Brazil,brazilian,Person,1970-06-08,,false,Brazil
ELIZA ROSE & CALVIN HARRIS,Unknown,dance-pop,Person,1984-01-17,,false,United Kingdom
Bruce Springsteen,United States,rock,Person,1949-09-23,,false,United States of America
"Nelly Furtado, Reamonn",Canada,pop,Person,1978-12-02,,false,Ireland
BRITNEY SPEARS,United States,pop,Person,1981-12-02,,false,United States of America
Plain White T's,United States,alternative rock,Group,1997-01-01,,false,Unknown
Madcon,Norway,hip hop,Group,1992-01-01,,false,Unknown
LENNY KRAVITZ,United States,rock,Person,1964-05-26,,false,United States of America
RICHIE CAMPBELL,United States,country,Person,1936-04-22,2017-08-08,true,United Kingdom
SORAIA RAMOS FEAT. CAROLINA DESLANDES,Portugal,"",Person,1991-08-27,,false,Unknown
"Ana Moura, Pedro Mafama",Portugal,"",Person,,,false,Portugal
"IVANDRO, VITOR KLEY",Brazil,"",Person,1994-08-18,,false,Unknown
ATOA & GRUPO ACADEMICO SEISTETOS,Unknown,special purpose artist,Other,,,false,Unknown
BASTILLE,United Kingdom,pop rock,Group,2010-01-01,,false,Unknown
"DJ WN, DJ GM, MC PULIN DA CAPITAL, RYAN SP, PIEDRO & DANIEL",Brazil,"",Person,,,false,Unknown
ADDISON RAE,United States,pop,Person,2000-10-06,,false,United States of America
JASON DERULO,United States,pop,Person,1989-09-21,,false,United States of America
THE WEEKND FT. DAFT PUNK,France,electronic,Group,1993-01-01,2021-02-22,true,Unknown
"BLUAY, JULINHO KSD",Portugal,"",Person,,,false,Unknown
SLOW J,United Kingdom,author,Person,1965-07-31,,false,Portugal
Jaymes Young,Canada,folk rock,Person,1945-11-12,,false,United States of America
"BIANCA BARROS, NUNO LANHOSO, RITA ROCHA",Portugal,"",Person,,,false,Unknown
KHALID & NORMANI,United States,"",Person,1996-05-31,,false,United States of America
"LMFAO, Lauren Bennett , Goonrock",United States,"",Person,1975-04-18,,false,United Kingdom
"Pink, Nate Ruess",United States,indie pop,Person,1982-02-26,,false,United States of America
David Carreira,Portugal,"",Person,1991-07-30,,false,Portugal
BARBARA TINOCO,Unknown,"",Person,1998-11-16,,false,Portugal
Richie Campbell,United States,country,Person,1936-04-22,2017-08-08,true,United Kingdom
Os Azeitonas,Portugal,"",Group,2002-01-01,,false,Unknown
MARK RONSON [+] AMY WINEHOUSE,United Kingdom,soul,Person,1983-09-14,2011-07-23,true,Unknown
HANUMANKIND feat. KALMI,Unknown,"","",,,false,Unknown
"BRUNO MARS, LADY GAGA",United States,pop,Person,1986-03-28,,false,Unknown
BTS,"Korea, Republic of",k-pop,Group,2013-06-13,,false,Unknown
ALICIA KEYS,"","","",,,,United States of America
"Jimmy P, Diogo Piçarra",Portugal,"",Person,1990-10-19,,false,Portugal
Reamonn,Germany,pop rock,Group,1999-01-01,2012-01-01,true,Unknown
Zayn,Unknown,pop,Person,1993-01-12,,false,United Kingdom
Christina Perri,United States,pop,Person,1986-08-19,,false,United States of America
Maluma,Colombia,reggaeton,Person,1994-01-28,,false,Colombia
Young Thug ,United States,hip hop,Person,1991-08-16,,false,United States of America
Rosa Linn,Armenia,eurovision 2022 artists,Person,2000-03-20,,false,Armenia
T-Rex,United Kingdom,glam rock,Group,1967-01-01,1977-09-16,true,Unknown
MIZZY MILES FEAT. VAN ZEE & BISPO,United States,jazz,Person,1926-05-26,1991-09-28,true,Portugal
Hozier,Ireland,blues rock,Person,1990-03-17,,false,Ireland
CAROLINA DE DEUS,Brazil,"",Person,,,false,Unknown
ELTON JOHN & DUA LIPA,Unknown,dance-pop,Person,1995-08-22,,false,Unknown
Kate Winslet,United Kingdom,actor,Person,1975-10-05,,false,United Kingdom
FERNANDO DANIEL FT. MELIM,Brazil,"",Group,2015-01-01,,false,Unknown
VANESSA DA MATA [+] BEN HARPER,United States,rock,Person,1969-10-28,,false,Brazil
B.o.B.,United States,folk rock,Person,1941-05-24,,false,United States of America
"Zzoilo, Aitana",Spain,2020s,Person,1999-06-27,,false,Spain
d4vd,United States,alternative r&b,Person,2005-03-28,,false,United States of America
Pablo Alborán,Spain,pop,Person,1989-05-31,,false,Spain
Karol G ,Germany,schlager,Person,1949-12-04,,false,Colombia
LORDE,New Zealand,pop,Person,1996-11-07,,false,New Zealand
MEGAN THEE STALLION & RENEE RAPP,United States,hip hop,Person,1995-02-15,,false,United States of America
MATIAS DAMÁSIO,Angola,kizomba,Person,1982-05-09,,false,Angola
Artemas,United Kingdom,"",Person,1999-09-23,,false,United Kingdom
ALEXANDRA BURKE,United Kingdom,dance-pop,Person,1988-08-25,,false,United Kingdom
SHAKIRA feat. CARDI B.,United States,hip hop,Person,1992-10-11,,false,Unknown
PHIL COLLINS,United Kingdom,soft rock,Person,1951-01-30,,false,United Kingdom
Rihanna,United States,pop,Person,1988-02-20,,false,Barbados
BEYONCE,"","","",,,,United States of America
"Jonas Blue, JP Cooper",United Kingdom,funk,Person,1981-11-01,,false,Unknown
WIZ KHALIFA feat. SNOOP DOGG & BRUNO MARS,United States,hip hop,Person,1971-10-20,,false,Unknown
lil uzi vert ,United States,hip hop,Person,1995-07-31,,false,United States of America
"Pink, Willow Sage Hart",United States,"",Person,2011-06-02,,false,Unknown
DAVID CARREIRA feat. KELL SMITH,Brazil,"",Person,1993-04-07,,false,Portugal
CARLÃO,Portugal,hip hop,Person,1975-07-20,,false,Unknown
RAYE feat. 070 SHAKE,United States,2010s,Person,1997-06-13,,false,Unknown
JASON DERULO FEAT. DIDO,United States,pop,Person,1989-09-21,,false,United States of America
THE SCRIPT,Ireland,breakeven,Group,2001-01-01,,false,Unknown
Jennifer Lopez,United States,pop,Person,1969-07-24,,false,United States of America
RIHANNA,United States,pop,Person,1988-02-20,,false,Barbados
SNOW PATROL,United Kingdom,indie rock,Group,1994-01-01,,false,Unknown
Harry Styles,Unknown,pop,Person,1994-02-01,,false,United Kingdom
BEYONCÃ‰ & SHAKIRA,Colombia,pop,Person,1977-02-02,,false,Unknown
PEDRO SAMPAIO,"","","",,,,Brazil
Resistência,"","","",,,,Unknown
Liquideep,Unknown,house,Group,,,false,Unknown
PURPLE DISCO MACHINE & KUNGS,Germany,dance,Person,1980-02-12,,false,Germany
Bianca Barros,Unknown,"","",,,false,Unknown
Diogo Piçarra,Portugal,"",Person,1990-10-19,,false,Portugal
Leona Lewis,"","","",,,,United Kingdom
Rui Veloso,"","","",,,,Portugal
"THE WEEKND, PLAYBOI CARTI","","","",,,,Unknown
Grelo,Unknown,"",Person,,,false,Canada
"Taylor Swift, Shawn Mendes",Canada,pop,Person,1998-08-08,,false,Unknown
BLACK EYED PEAS x OZUNA x J. REY SOUL,United States,hip hop,Group,1995-01-01,,false,Unknown
TIESTO FT. KAROL G,Colombia,reggaeton,Person,1991-02-14,,false,Kingdom of the Netherlands
Alicia Keys,United States,contemporary r&b,Person,1981-01-25,,false,United States of America
IÑIGO QUINTERO,Spain,"",Person,,,false,Spain
ALEX WARREN,United Kingdom,"",Person,1962-07-04,,false,United States of America
KENYA GRACE,United Kingdom,pop,Person,,,false,United Kingdom
Daft Punk,France,electronic,Group,1993-01-01,2021-02-22,true,Unknown
BISPO,Unknown,"",Person,1992-04-12,,false,Unknown
"Avicii, Aloe Blacc",United States,contemporary r&b,Person,1979-01-07,,false,Unknown
Zero 7,United Kingdom,downtempo,Group,1997-01-01,,false,Unknown
Ashanti,United States,r&b,Person,1980-10-13,,false,Unknown
ANA MOURA FT. PEDRO MÁFAMA,Portugal,"",Person,,,false,Unknown
"Ivandro, Vitor Kley",Brazil,"",Person,1994-08-18,,false,Unknown
BENSON BOONE,United States,pop,Person,1934-06-01,,false,United States of America
"Topic, A7S",Sweden,vocal house,Person,1994-05-03,,false,Sweden
Jordin Sparks,United States,pop,Person,1989-12-22,,false,United States of America
CYRIL & MARYJO,Unknown,"",Person,,,false,Unknown
MUNI LONG,United States,contemporary r&b,Person,1988-09-14,,false,United States of America
PIRUKA feat. BLUAY,Unknown,"",Person,,,false,Portugal
LOST FREQUENCIES,Belgium,house,Person,1993-11-30,,false,Belgium
Leonor Arroja,Brazil,"",Person,,,false,Unknown
"Pablo Alborán, Maria Becerra",Spain,pop,Person,1989-05-31,,false,Spain
Slow J,United Kingdom,author,Person,1965-07-31,,false,Portugal
"Chris Brown, Young Thug",United States,hip hop,Person,1991-08-16,,false,Unknown
OLIVIA NEWTON-JOHN,Australia,classic pop and rock,Person,1948-09-26,2022-08-08,true,Australia
French Montana,United States,hip hop,Person,1984-11-09,,false,Algeria
JAYMES YOUNG,Canada,folk rock,Person,1945-11-12,,false,United States of America
DIOGO PIÇARRA FT. CAROLINA DESLANDES,Portugal,"",Person,1991-08-27,,false,Unknown
ANAVITORIA FT. DIOGO PIÇARRA,Portugal,"",Person,1990-10-19,,false,Unknown
JÃO,Brazil,pop,Person,1994-11-03,,false,Brazil
The Lumineers,United States,americana,Group,2008-12-31,,false,Unknown
Gavin James,United States,soul,Person,1933-05-03,2006-12-25,true,Unknown
THE WEEKND FT SWEDISH HOUSE MAFIA,Sweden,house,Group,2008-01-01,,false,Unknown
SORAIA RAMOS,Portugal,"","",,,false,Unknown
"David Fonseca, Márcia",Brazil,"",Person,1943-11-25,,false,Unknown
"Os Quatro e Meia, Carlão",Portugal,"",Group,2013-01-01,,false,Unknown
Daddy Yankee ,Puerto Rico,reggaeton,Person,1977-02-03,,false,United States of America
ANA VILELA FT. DAVID CARREIRA,Portugal,"",Person,1991-07-30,,false,Unknown
LADY GAGA [+] COLBY O`DONIS,United States,pop,Person,1986-03-28,,false,Unknown
"COLDPLAY, BTS","Korea, Republic of",k-pop,Group,2013-06-13,,false,Unknown
"GALANTIS, DAVID GUETTA & 5 SECONDS OF SUMMER",Australia,pop rock,Group,2011-01-01,,false,Unknown
Fergie,United States,pop,Person,1975-03-27,,false,United States of America
BlocBoy JB ,United States,hip hop,Person,1996-05-19,,false,United States of America
Rogério Charraz,Brazil,"",Person,1958-09-02,,false,Unknown
"Bispo, Bárbara Tinoco",Unknown,"",Person,1998-11-16,,false,Unknown
Melim,Brazil,"",Group,2015-01-01,,false,Unknown
Dennis,Jamaica,reggae,Person,1957-02-01,1999-07-01,true,Unknown
LEONA LEWIS,United Kingdom,contemporary r&b,Person,1985-04-03,,false,United Kingdom
THE SCRIPT [+] WILL.I.AM,United States,hip hop,Person,1975-03-15,,false,Unknown
Tyla,United Kingdom,spike,Person,,,false,South Africa
Post Malone,United States,hip hop,Person,1995-07-04,,false,United States of America
EXPENSIVE SOUL,Portugal,"",Group,1999-01-01,,false,Unknown
AVICII feat. ALOE BLACC,United States,contemporary r&b,Person,1979-01-07,,false,Unknown
Jessie J,United Kingdom,author,Person,1965-07-31,,false,United Kingdom
Pedro Abrunhosa,Portugal,"",Person,1960-12-20,,false,Portugal
3 Doors Down,United States,alternative rock,Group,1996-01-01,,false,Unknown
AVRIL LAVIGNE,Canada,pop punk,Person,1984-09-27,,false,Canada
LIMP BIZKIT,United States,nu metal,Group,1994-01-01,,false,Unknown
THE WEEKND feat. KENDRICK LAMAR,United States,hip hop,Person,1987-06-17,,false,Unknown
"Mizzy Miles, Bispo, Van Zee",United States,jazz,Person,1926-05-26,1991-09-28,true,Portugal
FINNEAS,United States,indie pop,Person,1997-07-30,,false,United States of America
DAFT PUNK,France,electronic,Group,1993-01-01,2021-02-22,true,Unknown
Bruno Mars,United States,pop,Person,1985-10-08,,false,United States of America
LADY GAGA & BRUNO MARS,United States,pop,Person,1986-03-28,,false,Unknown
OLIVIA RODRIGO,United States,pop,Person,2003-02-20,,false,United States of America
"Jonas Blue, Dakota",Germany,"",Person,,,false,England
AUREA,Portugal,"",Person,1987-09-07,,false,Unknown
ANTONIO JOSÉ FT. DIOGO PIÇARRA,Portugal,"",Person,1990-10-19,,false,Unknown
"MOBLACK & SALIF KEITA feat. CESARIA EVORA, BENJA & FRANC FALA",Cabo Verde,morna,Person,1941-08-27,2011-12-17,true,Unknown
"Shawn Mendes, Camila Cabello",United States,pop,Person,1997-03-03,,false,Unknown
KAROL G,Germany,schlager,Person,1949-12-04,,false,Colombia
"Calvin Harris, Disciples",Unknown,dance-pop,Person,1984-01-17,,false,Unknown
"DAVID GUETTA, ANNE-MARIE, COI LERAY",United States,pop rap,Person,1997-05-11,,false,United States of America
Bandidos do Cante,Unknown,special purpose artist,Other,,,false,Unknown
David Bowie,Unknown,art rock,Person,1947-01-08,2016-01-10,true,United Kingdom
LEWIS CAPALDI,United Kingdom,pop,Person,1996-10-17,,false,United Kingdom
"Mark Ronson, Bruno Mars",United States,pop,Person,1985-10-08,,false,Unknown
"Alec Benjamin, Khalid",United States,contemporary r&b,Person,1998-02-11,,false,Unknown
HARRY STYLES,Unknown,pop,Person,1994-02-01,,false,United Kingdom
TROYE SIVAN,Australia,pop,Person,1995-06-05,,false,Australia
SEU JORGE,Brazil,brazilian,Person,1970-06-08,,false,Brazil
"Imagine Dragons, Baker Boy",United States,alternative rock,Group,2008-01-01,,false,Unknown
João Só e Abandonados,Unknown,"",Group,,,false,Unknown
THE WEEKND FEAT. FUTURE,Canada,r&b,Person,1990-02-16,,false,Unknown
"Bispo, Julinho Ksd",Portugal,"",Person,,,false,Unknown
Chris Brown,United States,pop,Person,1989-05-05,,false,United States of America
HOZIER,Ireland,blues rock,Person,1990-03-17,,false,Ireland
CASSO x RAYE x D-BLOCK EUROPE,United Kingdom,"",Group,,,false,Unknown
TIESTO,Unknown,"","",,,,Kingdom of the Netherlands
MARSHMELLO & KANE BROWN,United States,country,Person,1993-10-21,,false,Unknown
"PITBULL feat. NE-YO, AFROJACK & NAYER",Netherlands,house,Person,1987-09-09,,false,Unknown
James Arthur,United Kingdom,_consistency,Person,1859-05-22,1930-07-07,true,United Kingdom
OneRepublic,United States,pop,Group,2004-01-01,,false,Unknown
"Shakira, Wyclef Jean",Unknown,hip hop,Person,1969-10-17,,false,Unknown
BECKY G & KAROL G,Colombia,reggaeton,Person,1991-02-14,,false,Colombia
Linkin Park,United States,nu metal,Group,1996-01-01,,false,Unknown
MC LIVINHO & DJ MATT D,Brazil,"",Person,1994-11-11,,false,Unknown
BIZARRAP & QUEVEDO,Unknown,latin trap,Person,2001-12-07,,false,Argentina
ED SHEERAN & BEYONCE,United States,pop,Person,1981-09-04,,false,Unknown
BISPO FEAT. JULINHO KSD,Portugal,"",Person,,,false,Unknown
Lady Gaga,United States,pop,Person,1986-03-28,,false,United States of America
Birdy,United Kingdom,pop,Person,1996-05-15,,false,Unknown
KATY PERRY,United States,pop,Person,1984-10-25,,false,United States of America
KERI HILSON feat. KANYE WEST & NE-YO,United States,contemporary r&b,Person,1979-10-18,,false,United States of America
"Bárbara Bandeira, Carminho",Portugal,fado,Person,1984-08-20,,false,Portugal
ZAYN FT. SIA,Australia,pop,Person,1975-12-18,,false,Unknown
Megan Thee Stallion,United States,hip hop,Person,1995-02-15,,false,United States of America
Zoe Wees,Germany,pop,Person,2002-05-13,,false,Germany
BENJAMIN INGROSSO,Sweden,pop,Person,1997-09-14,,false,Sweden
Ana Bacalhau,Unknown,"",Person,1978-11-05,,false,Unknown
AFONSO DUBRAZ,Portugal,singer-songwriter,Person,1929-08-02,1987-02-23,true,Unknown
KYGO FEAT. ZAK ABEL & NILE RODGERS,United States,"",Person,1952-09-19,,false,Norway
Julinho Ksd,Portugal,"",Person,,,false,Unknown
Evanescence,United States,alternative metal,Group,1995-01-01,,false,Unknown
CORINNE BAILEY RAY,United States,"",Person,,,false,United Kingdom
"Sam Smith, Mary J. Blige",United States,contemporary r&b,Person,1971-01-11,,false,Unknown
Jeff Buckley,United States,alternative rock,Person,1966-11-17,1997-05-29,true,United States of America
BEBE REXHA,United States,pop,Person,1989-08-30,,false,United States of America
SAM SMITH & NORMANI,United States,"",Person,1996-05-31,,false,Unknown
Sevdaliza,Netherlands,alternative r&b,Person,1987-09-01,,false,Kingdom of the Netherlands
RITA ROCHA,Unknown,"",Person,2006-08-08,,false,Unknown
PINK & WILLOW SAGE HEART,United States,rock,Group,1973-01-01,,false,United States of America
Jung Kook,"Korea, Republic of",edm,Person,1997-09-01,,false,South Korea
GALANTIS,Sweden,progressive house,Group,2012-03-01,,false,Unknown
Future,United States,hip hop,Person,1983-11-20,,false,Unknown
OS QUATRO E MEIA,Portugal,"",Group,2013-01-01,,false,Unknown
DIOGO PIÇARRA,Portugal,"",Person,1990-10-19,,false,Portugal
"Left, Jüra",Portugal,"",Person,,,false,Unknown
Pedro Mafama,Portugal,"",Person,,,false,Portugal
mizzy miles ,United States,jazz,Person,1926-05-26,1991-09-28,true,Unknown
Rosalía,Spain,flamenco,Person,1992-09-25,,false,Spain
"Macklemore & Ryan Lewis, Ray Dalton",United States,hip hop,Group,2009-01-01,,false,United States of America
Owl City,United States,pop,Person,1986-07-05,,false,Unknown
"Brandi Carlile, Sam Smith",United States,country,Person,1981-06-01,,false,United States of America
LOST FREQUENCIES & BASTILLE,United Kingdom,pop rock,Group,2010-01-01,,false,Unknown
"Fergie, will.i.am",United States,hip hop,Person,1975-03-15,,false,Unknown
AVICII,Sweden,progressive house,Person,1989-09-08,2018-04-20,true,Sweden
Rita Rocha,Unknown,"",Person,2006-08-08,,false,Unknown
new york new york,United Kingdom,"",Group,,,false,Unknown
"The Chainsmokers, Coldplay",United Kingdom,alternative rock,Group,1996-09-01,,false,Unknown
Lauren Daigle,United States,christian,Person,1991-09-09,,false,United States of America
PEDRO SAMPAIO feat. MC PEDRINHO,Unknown,"",Person,,,false,Brazil
The Gift,Portugal,"",Group,1994-01-01,,false,Unknown
NUNO RIBEIRO FT. AINOA BUITRAGO,Spain,"",Person,,,false,Unknown
JADE,United States,ambient,Person,,,false,Unknown
"Bluay, Julinho Ksd",Portugal,"",Person,,,false,Unknown
"Linkin Park, Jay Z",United States,pop rap,Person,1969-12-04,,false,Unknown
"Lady Gaga, Bradley Cooper",United States,pop,Person,1986-03-28,,false,Unknown
THE CHAINSMOKERS [+] HALSEY,United States,electro house,Group,2012-01-01,,false,Unknown
Lady Antebellum,Unknown,instrumental,Group,,,false,Unknown
CATARINA FILIPE,Brazil,"",Person,1987-09-26,,false,Brazil
Farruko,Puerto Rico,latin,Person,1991-05-02,,false,United States of America
ELTON JOHN [+] GEORGE MICHAEL,United Kingdom,pop,Person,1947-03-25,,false,Unknown
ELLA HENDERSON feat. RUDIMENTAL,United Kingdom,drum and bass,Group,2010-01-01,,false,Unknown
Mundo Segundo ,Portugal,"",Person,,,false,Portugal
Ana Moura,Portugal,fado,Person,1979-01-01,,false,Portugal
A Garota Não,Portugal,"",Person,1983-10-29,,false,Portugal
SYRO,Portugal,"",Person,,,false,Unknown
Juliette,France,chanson française,Person,1927-02-07,2020-09-23,true,Unknown
BRUNO MARS,United States,pop,Person,1985-10-08,,false,United States of America
"NENA, CAROLINA DE DEUS",Brazil,"",Person,,,false,Unknown
Red Hot Chili Peppers,United States,alternative rock,Group,1983-01-01,,false,Unknown
"James Arthur, Anne-Marie",United Kingdom,dance-pop,Person,1991-04-07,,false,Unknown
David Guetta,France,house,Person,1967-11-07,,false,France
Milly ,Italy,"",Person,1905-02-06,1980-09-22,true,Australia
Silk Sonic,United States,alternative rock,Group,1981-01-01,2011-11-14,true,Unknown
"Nuno Ribeiro, Mariza, Calema",Portugal,world,Person,1973-12-16,,false,Unknown
Luan Santana,United States,latin rock,Group,1966-01-01,,false,Brazil
Gwen Stefani,United States,pop,Person,1969-10-03,,false,United States of America
Cardi B,United States,hip hop,Person,1992-10-11,,false,United States of America
3 DOORS DOWN,United States,alternative rock,Group,1996-01-01,,false,Unknown
"VEIGH, BVGA BEATZ",Unknown,"",Person,,,false,Unknown
MATT SIMONS,United States,"",Person,1987-02-20,,false,United States of America
"Eminem, Rihanna",United States,pop,Person,1988-02-20,,false,Unknown
Noah Cyrus,United States,alternative country,Person,2000-01-08,,false,United States of America
MR MISTER,United States,new wave,Group,1982-01-01,1989-01-01,true,Unknown
Ne-Yo,United States,contemporary r&b,Person,1979-10-18,,false,United States of America
Zé Felipe,Brazil,"",Person,1998-04-21,,false,Brazil
ARIZONA ZERVAS,United States,hip hop,Person,1995-04-19,,false,United States of America
MC Livinho,Brazil,"",Person,1994-11-11,,false,Brazil
Mariah Carey,United States,pop,Person,1969-03-27,,false,United States of America
"Nena [pt], Joana Almeirante",Unknown,"","",,,false,Unknown
Michael Kiwanuka,United Kingdom,soul,Person,1987-05-03,,false,United Kingdom
Kate Bush,Unknown,art pop,Person,1958-07-30,,false,United Kingdom
LADY GAGA [+] BEYONCE,United States,pop,Person,1986-03-28,,false,Unknown
"David Guetta, Usher",France,house,Person,1967-11-07,,false,Unknown
IÃ‘IGO QUINTERO,Unknown,"",Group,,,false,Unknown
"Anavitória, Diogo Piçarra",Portugal,"",Person,1990-10-19,,false,Portugal
POST MALONE feat. YOUNG THUG,United States,hip hop,Person,1991-08-16,,false,Unknown
Lisa [th],United Kingdom,rock,Group,1977-01-01,1995-01-01,true,Thailand
"The Script , will.i.am",United States,hip hop,Person,1975-03-15,,false,Unknown
SARA CORREIA,Portugal,"",Person,1993-05-27,,false,Portugal
Shaggy,Jamaica,dancehall,Person,1968-10-22,,false,Unknown
Black Eyed Peas,United States,hip hop,Group,1995-01-01,,false,Unknown
Ella Mai,United Kingdom,pop,Person,1994-11-03,,false,United Kingdom
ELTON JOHN & BRITNEY SPEARS,United States,pop,Person,1981-12-02,,false,Unknown
"Calvin Harris, Ellie Goulding",United Kingdom,electropop,Person,1986-12-30,,false,Unknown
"Christopher, Griff",United Kingdom,alternative pop,Person,2001-01-21,,false,United Kingdom
Carolina Deslandes,Portugal,"",Person,1991-08-27,,false,Portugal
SOPHIE B. HAWKINS,United States,rock,Person,1964-11-01,,false,United States of America
DAVID CARREIRA & JULIETTE,Portugal,"",Person,1991-07-30,,false,Brazil
Jão,Brazil,pop,Person,1994-11-03,,false,Brazil
Caetano Veloso,Brazil,mpb,Person,1942-08-07,,false,Brazil
Dido,United Kingdom,pop,Person,1971-12-25,,false,Phoenicia
POST MALONE feat. TY DOLLA $IGN,United States,hip hop,Person,1985-04-13,,false,Unknown
TONI BRAXTON,United States,r&b,Person,1967-10-07,,false,United States of America
"MANINHO, MARISA LIZ",Portugal,"",Person,1982-01-01,,false,Unknown
"Jay Z, Alicia Keys",United States,contemporary r&b,Person,1981-01-25,,false,Unknown
DOJA CAT,United States,hip hop,Person,1995-10-21,,false,United States of America
Nikolaj Grandjean,Denmark,"",Person,1973-06-11,,false,Unknown
HAROLD,United States,ambient,Person,1936-05-24,2020-12-08,true,Unknown
The Fray,"","","",,,,Unknown
CALVIN HARRIS & SAM SMITH,United Kingdom,pop,Person,1992-05-19,,false,Unknown
"Calvin Harris, Dua Lipa",Unknown,dance-pop,Person,1995-08-22,,false,Unknown
"BUBA ESPINHO, BÁRBARA TINOCO",Unknown,"",Person,1998-11-16,,false,Unknown
Jimin,"Korea, Republic of",ballad,Person,1995-10-13,,false,South Korea
BEYONCÉ FEAT. JAY-Z,United States,pop rap,Person,1969-12-04,,false,Unknown
"NENA, JOANA ALMEIRANTE",Unknown,"","",,,false,Unknown
Gracie Abrams,United States,folk pop,Person,1999-09-07,,false,United States of America
Gims,France,french hip hop,Person,1986-05-06,,false,Democratic Republic of the Congo
MARISA LIZ,Portugal,"",Person,1982-01-01,,false,Portugal
"Calvin Harris, Rihanna",United States,pop,Person,1988-02-20,,false,Unknown
Justin Bieber,Canada,pop,Person,1994-03-01,,false,Canada
"POST MALONE, MORGEN WALLEN",United States,hip hop,Person,1995-07-04,,false,Unknown
AMY WADGE,Canada,_edit,Group,1991-01-01,,false,United Kingdom
Jorge Cruz,Cuba,bolero,Person,1925-10-21,2003-07-16,true,United States of America
Tatiana Duarte,Portugal,"",Person,1980-11-20,,false,Unknown
MIZZY MILES feat. IVANDRO & PIRUKA,Portugal,"",Person,1998-07-26,,false,Unknown
Mariza,Portugal,world,Person,1973-12-16,,false,Portugal
Olivia Dean,United States,pop,Person,1917-06-07,1995-12-25,true,Unknown
"Bia Caboz, Piruka",Unknown,"","",,,false,Unknown
VITOR KLEY,Brazil,"",Person,1994-08-18,,false,Brazil
CHRISTINA AGUILERA,United States,pop,Person,1980-12-18,,false,United States of America
Eddie Vedder,Unknown,acoustic rock,Person,1964-12-23,,false,United States of America
Mitski,United States,indie rock,Person,1990-09-27,,false,United States of America
NENNY,Portugal,hip hop,Person,2002-11-19,,false,Portugal
"",Unknown,special purpose artist,Other,,,false,Unknown
Usher,United States,contemporary r&b,Person,1978-10-14,,false,Unknown
Norah Jones,United States,vocal jazz,Person,1979-03-30,,false,United States of America
NUNO RIBEIRO FT. CONAN OSIRIS,Unknown,"",Person,1989-01-05,,false,Unknown
Anastacia,United States,pop rock,Person,1968-09-17,,false,United States of America
Teddy Swims,United States,alternative rock,Person,1992-09-25,,false,United States of America
PITBULL [+] CHRISTINA AGUILERA,United States,pop,Person,1980-12-18,,false,Unknown
LOST FREQUENCIES feat. JANIECK DEVY,Belgium,house,Person,1993-11-30,,false,Unknown
U2,Ireland,alternative rock,Group,1976-01-01,,false,Unknown
D.A.M.A,Unknown,"","",,,false,Unknown
KYGO & PARSON JAMES,United States,"",Person,1994-06-07,,false,United States of America
"HMB, Carminho",Portugal,fado,Person,1984-08-20,,false,Portugal
POST MALONE & SWAE LEE,United States,hip hop,Person,1993-06-07,,false,Unknown
Diana Lima,Germany,"",Person,,,false,Unknown
"Gwen Stefani, Akon",Senegal,hip hop,Person,1973-04-16,,false,Unknown
Keane,United Kingdom,alternative rock,Group,1995-01-01,,false,Unknown
Pitbull,United States,dance-pop,Person,1981-01-15,,false,United States of America
MC Davi,Unknown,"",Person,,,false,Brazil
MANUEL TURIZO,Colombia,latin,Person,2000-04-12,,false,Colombia
Bárbara Tinoco,Unknown,"",Person,1998-11-16,,false,Portugal
DENNIS x MC KEVIN O CHRIS,Unknown,fixme,Person,2000-02-22,,false,Unknown
TAYLOR SWIFT,United States,pop,Person,1989-12-13,,false,United States of America
DEAN LEWIS,United States,rockabilly,Person,1935-09-29,2022-10-28,true,Australia
Sia,Australia,pop,Person,1975-12-18,,false,Australia
ISRAEL KAMAKAWIWOOLE,Unknown,hawaiian music,Person,1959-05-20,1997-06-26,true,United States of America
ANA LAURA LOPES,Unknown,"",Person,,,false,Unknown
TRAIN,United States,pop,Group,1994-01-01,,false,Unknown
"Miley Cyrus, Beyoncé",United States,pop,Person,1981-09-04,,false,Unknown
ELLIE GOULDING,United Kingdom,electropop,Person,1986-12-30,,false,United Kingdom
Madredeus,Portugal,fado,Group,1985-01-01,,false,Unknown
RAUW ALEJANDRO,Puerto Rico,latin,Person,1993-01-10,,false,United States of America
Myles Smith,United States,indie folk,Person,1969-08-06,2003-10-21,true,United Kingdom
POST MALONE FT. 21 SAVAGE,United States,hip hop,Person,1992-10-22,,false,Unknown
JOHN LEGEND,United States,soul,Person,1978-12-28,,false,United States of America
CYRIL,France,"",Person,1962-01-01,,false,Unknown
"Bluay, Irina Barros",Finland,pop,Person,1975-05-10,,false,Unknown
Lana Del Rey,United States,indie pop,Person,1985-06-21,,false,United States of America
EMINEM,United States,hip hop,Person,1972-10-17,,false,United States of America
"The Weeknd, Daft Punk",France,electronic,Group,1993-01-01,2021-02-22,true,Unknown
"Zayn, Sia",Australia,pop,Person,1975-12-18,,false,Unknown
"Timbaland, OneRepublic",United States,pop,Group,2004-01-01,,false,Unknown
"MR. PROBZ, ROBIN SCHULZ",Germany,dance-pop,Person,1987-04-28,,false,Unknown
THE WEEKND,Canada,r&b,Person,1990-02-16,,false,Canada
miguel luz,Spain,rock,Person,1958-11-11,,false,Unknown
Iñigo Quintero,Spain,"",Person,,,false,Spain
Calvin Harris,Unknown,dance-pop,Person,1984-01-17,,false,Scotland
MITSKI,United States,indie rock,Person,1990-09-27,,false,United States of America
"Maninho, Marisa Liz",Portugal,"",Person,1982-01-01,,false,Unknown
"Coldplay, BTS","Korea, Republic of",k-pop,Group,2013-06-13,,false,Unknown
FERNANDO DANIEL,Argentina,conductor,Person,1942-11-15,,false,Portugal
LADY GAGA FT. BRADLEY COOPER,United States,pop,Person,1986-03-28,,false,Unknown
Carminho,Portugal,fado,Person,1984-08-20,,false,Portugal
Domingues,Portugal,"","",,,false,Mozambique
Lizzo,United States,hip hop,Person,1988-04-27,,false,United States of America
Swedish House Mafia,Sweden,house,Group,2008-01-01,,false,Unknown
TOPIC FT. A7S,Sweden,vocal house,Person,1994-05-03,,false,Sweden
Miguel,Spain,ballad,Person,1956-04-03,,false,Unknown
DAVID KUSHNER,United States,"",Person,,,false,United States of America
Lauren Spencer-Smith,Unknown,panic at the disco,Person,1987-09-02,,false,Canada
YEARS & YEARS,United Kingdom,electropop,Group,2010-07-20,2023-12-16,true,Unknown
PASSENGER,Unknown,"","",,,,Unknown
FLOYYMENOR feat. CRIS MJ,Unknown,"",Person,2001-11-11,,false,Unknown
Amor Electro,Portugal,"",Group,2011-04-28,,false,Unknown
Olivia Rodrigo,United States,pop,Person,2003-02-20,,false,United States of America
PATTI LABELLE [+] MICHAEL MCDONALD,United States,2008 universal fire victim,Person,1944-05-24,,false,Unknown
StaySolidRocky ,Unknown,english,Person,,,false,United States of America
CHRIS DE BURGH,United Kingdom,soft rock,Person,1948-10-15,,false,Ireland
branko,Unknown,"",Person,,,false,Unknown
Sara Bareilles,United States,classic pop and rock,Person,1979-12-07,,false,United States of America
JAMES BLUNT,United Kingdom,pop rock,Person,1974-02-22,,false,United Kingdom
"Ed Sheeran, Taylor Swift",United States,pop,Person,1989-12-13,,false,Unknown
TETO,Japan,"",Group,2016-01-01,2022-01-01,true,Unknown
"Metro Boomin, The Weeknd, 21 Savage",Canada,r&b,Person,1990-02-16,,false,Unknown
Nenny,Portugal,hip hop,Person,2002-11-19,,false,Portugal
TIMBALAND [+] ONEREPUBLIC,United States,pop,Group,2004-01-01,,false,United States of America
"Kygo, Conrad",Germany,krautrock,Person,1937-03-17,2011-08-04,true,Norway
NININHO VAZ MAIA,Portugal,"",Person,1988-02-25,,false,Portugal
"ROSÉ, BRUNO MARS",United States,pop,Person,1985-10-08,,false,Unknown
FEID & REMA,Nigeria,afrobeat,Person,2000-05-01,,false,Colombia
ARIANA GRANDE,United States,pop,Person,1993-06-26,,false,United States of America
"Sia, Diplo, The Weeknd",Canada,r&b,Person,1990-02-16,,false,Unknown
ARIANA GRANDE [+] ZEDD,United States,pop,Person,1993-06-26,,false,Unknown
"NUNO RIBEIRO, CALEMA, MARIZA",Portugal,world,Person,1973-12-16,,false,Unknown
J Balvin ,Colombia,reggaeton,Person,1985-05-07,,false,Colombia
"Alicia Keys, Bono",United States,contemporary r&b,Person,1981-01-25,,false,Ireland
MELIM,Brazil,"",Group,2015-01-01,,false,Unknown
DURAN DURAN,United Kingdom,new wave,Group,1978-01-01,,false,Unknown
David Archuleta,United States,queer,Person,1990-12-28,,false,United States of America
TRIBALISTAS,Brazil,mpb,Group,2002-01-01,,false,Unknown
"H.E.R., Bryson Tiller",United States,contemporary r&b,Person,1993-01-02,,false,United States of America
J. BALVIN feat. KHALID,Colombia,reggaeton,Person,1985-05-07,,false,Unknown
"Fernando Daniel, Melim",Brazil,"",Group,2015-01-01,,false,Portugal
Tommy Richman,Unknown,"",Person,2000-03-21,,false,United States of America
"Nelly, Jahiem",United States,hip hop rnb and dance hall,Person,1978-05-26,,false,Unknown
Tate McRae,Canada,pop,Person,2003-07-01,,false,Canada
DILLAZ,Unknown,hip hop,Person,1991-05-04,,false,Portugal
"Jorja Smith, Preditah",United Kingdom,grime,Person,,,false,United Kingdom
Travis Scott,United States,hip hop,Person,1991-04-30,,false,United States of America
IVANDRO FEAT. VAN ZEE,Germany,classical,Person,1770-12-17,1827-03-26,true,Portugal
Vanessa Carlton,United States,piano pop,Person,1980-08-16,,false,United States of America
Glass Animals,United Kingdom,electronic,Group,2010-01-01,,false,Unknown
"Flo Rida, David Guetta",France,house,Person,1967-11-07,,false,Unknown
ARTEMAS,United Kingdom,"",Person,1999-09-23,,false,United Kingdom
CALVIN HARRIS x RAG N BONE MAN,Unknown,blues,Person,1985-01-29,,false,Unknown
"KYGO, CONRAD",Germany,krautrock,Person,1937-03-17,2011-08-04,true,Norway
Alessia Cara,Canada,contemporary r&b,Person,1996-07-11,,false,Italy
t-rex,United Kingdom,glam rock,Group,1967-01-01,1977-09-16,true,Unknown
Os Quatro e Meia,Portugal,"",Group,2013-01-01,,false,Unknown
PEDRO MÁFAMA,Portugal,"",Person,,,false,Portugal
Noah Kahan,United States,folk pop,Person,1997-01-01,,false,United States of America
HMB,Portugal,"",Group,,,false,Unknown
MIZZY MILES feat. DEEJAY TELIO & TETO & GSON,Portugal,"",Person,1996-07-20,,false,Unknown
ANA CASTELA & AGROPLAY,Brazil,dance-pop,Person,2003-11-16,,false,Brazil
MR BIG,United States,hard rock,Group,1988-01-01,2024-08-23,true,Unknown
Frank Ocean,United States,contemporary r&b,Person,1987-10-28,,false,United States of America
"Eminem, Dido",United Kingdom,pop,Person,1971-12-25,,false,United Kingdom
Klepht,Portugal,"",Group,,,false,Unknown
Rauw Alejandro,Puerto Rico,latin,Person,1993-01-10,,false,United States of America
Dua Lipa,Unknown,dance-pop,Person,1995-08-22,,false,United Kingdom
NENA,Germany,pop,Person,1960-03-24,,false,Germany
"HUGEL, TOPIC, ARASH",Germany,dance,Person,1992-03-23,,false,Unknown
Tiesto,Netherlands,trance,Person,1969-01-17,,false,Kingdom of the Netherlands
MIKE 11 ft. D.A.M.A.,Czechia,"",Orchestra,1990-01-01,,false,Unknown
GLASS ANIMALS,United Kingdom,electronic,Group,2010-01-01,,false,Unknown
IVANDRO FEAT. JULINHO KSD,Portugal,"",Person,,,false,Unknown
DEEJAY RIFOX x TIA VIVIX,Japan,"",Group,2004-02-21,,false,Unknown
"ZERB, SOFIYA NZAU",Unknown,"","",,,false,Kenya
KEANE,United Kingdom,alternative rock,Group,1995-01-01,,false,Unknown
Sade,United Kingdom,smooth jazz,Group,1982-01-01,,false,France
Magic!,Japan,synthpop,Group,1978-01-01,,false,United States of America
"Pitbull, Ne-Yo",United States,contemporary r&b,Person,1979-10-18,,false,Unknown
NELLY [+] KELLY ROLAND,United States,contemporary r&b,Person,1981-02-11,,false,Unknown
NOAH KAHAN,United States,folk pop,Person,1997-01-01,,false,United States of America
vasco palmeirim,Portugal,"",Person,,,false,Portugal
Dermot Kennedy,Ireland,pop,Person,1991-12-13,,false,Ireland
Charli XCX,Unknown,electropop,Person,1992-08-02,,false,United Kingdom
Pink,Unknown,progressive rock,Group,1965-01-01,2014-01-01,true,Unknown
"H.E.R., Daniel Caesar",Canada,caesar,Person,1995-04-05,,false,Canada
Kevin o Chris,Brazil,"",Person,1997-12-05,,false,Brazil
DA WEASEL,Portugal,rock,Group,1993-01-01,,true,Unknown
MILEY CYRUS,United States,pop,Person,1992-11-23,,false,United States of America
"Mary J. Blige, U2",Ireland,alternative rock,Group,1976-01-01,,false,Unknown
Thirty Seconds to Mars,United States,alternative rock,Group,1998-01-01,,false,Unknown
Kappa Jotta,Unknown,"",Person,,,false,Portugal
Green Day,United States,punk rock,Group,1989-01-01,,false,Unknown
"João Pedro Pais, Mafalda Veiga",Portugal,folk,Person,1965-12-24,,false,Portugal
JULINHO KSD,Portugal,"",Person,,,false,Unknown
Nelly Furtado,Canada,pop,Person,1978-12-02,,false,Canada
COLDPLAY,United Kingdom,alternative rock,Group,1996-09-01,,false,Unknown
IMAGINE DRAGONS,United States,alternative rock,Group,2008-01-01,,false,Unknown
CALEMA,Sao Tome and Principe,"",Group,2011-01-01,,false,Unknown
NELLY,United States,hip hop,Person,1974-11-02,,false,United States of America
Adam Port,Unknown,"",Person,,,false,Unknown
Carolina de Deus,Brazil,"",Person,,,false,Unknown
NATIRUTS [+] MONICA FERRAZ,Portugal,"",Person,1980-03-23,,false,Unknown
"B.o.B., Bruno Mars",United States,pop,Person,1985-10-08,,false,Unknown
Dove Cameron,United States,pop,Person,1996-01-15,,false,United States of America
HUGEL x TOPIC x ARASH feat. DAECOLM,United States,punk rock,Group,1977-01-01,,false,Unknown
"TYLA, GUNNA & SKILLIBENG",Unknown,drill,"",,,false,Unknown
"Lost Frequencies, Calum Scott",United Kingdom,lgbtqi,Person,1988-10-12,,false,Unknown
Giulia Be,United States,alternative rock,Group,1982-01-01,,false,Brazil
GAVIN JAMES,United States,soul,Person,1933-05-03,2006-12-25,true,Unknown
Elas,Portugal,"",Group,2019-09-29,2020-06-07,true,Unknown
BÁRBARA BANDEIRA,Portugal,"",Person,,,false,Portugal
KAPO,Unknown,"",Group,,,false,Unknown
Gnarls Barkley,United States,alternative hip hop,Group,2006-01-01,,false,Unknown
MATUE feat. RICH THE KID,United States,hip hop,Person,1992-07-13,,false,Brazil
"Duncan Laurence, Fletcher",United Kingdom,"",Person,,,false,Kingdom of the Netherlands
Addison Rae,United States,pop,Person,2000-10-06,,false,United States of America
ANNE-MARIE FEAT. SHANIA TWAIN,Canada,country,Person,1965-08-28,,false,Unknown
TREZE,Unknown,"","",,,false,Unknown
Bryan Adams,Canada,rock,Person,1959-11-05,,false,Canada
"Craig David, Sting",Unknown,pop,Person,1951-10-02,,false,Unknown
MADONNA,United States,pop,Person,1958-08-16,,false,United States of America
PROFJAM,Portugal,"",Person,,,false,Portugal
COLBIE CAILLAT,United States,pop,Person,1985-05-28,,false,United States of America
BRYAN ADAMS,Canada,rock,Person,1959-11-05,,false,Canada
Avicii,Sweden,progressive house,Person,1989-09-08,2018-04-20,true,Sweden
ROSA LINN,Armenia,eurovision 2022 artists,Person,2000-03-20,,false,Armenia
MAROON 5,United States,pop,Group,2002-01-01,,false,Unknown
JAMES MORRISON [+] NELLY FURTADO,Canada,pop,Person,1978-12-02,,false,Canada
Drake,Canada,hip hop,Person,1986-10-24,,false,Unknown
Mario,United States,"",Person,1921-01-31,1959-10-07,true,Mushroom Kingdom
Britney Spears,United States,pop,Person,1981-12-02,,false,United States of America
Mike11,Portugal,"",Person,,,false,Unknown
JOE COCKER [+] JENNIFER WARNES,United States,pop,Person,1947-03-03,,false,United States of America
"Jessie Murph, Teddy Swims",United States,alternative rock,Person,1992-09-25,,false,Unknown
"Dengaz, Seu Jorge",Brazil,brazilian,Person,1970-06-08,,false,Unknown
PLUTONIO,Portugal,"",Person,,,false,Portugal
NELLY FURTADO feat. TIMBALAND,United States,contemporary r&b,Person,1972-03-10,,false,Unknown
ZZOILO & AITANA,Spain,2020s,Person,1999-06-27,,false,Spain
LON3R JOHNY x PLUTONIO,Portugal,"",Person,,,false,Unknown
Ellie Goulding,United Kingdom,electropop,Person,1986-12-30,,false,United Kingdom
MIGUEL CARMONA FT. RITA ROCHA,Unknown,"",Person,2006-08-08,,false,Brazil
Calema,Sao Tome and Principe,"",Group,2011-01-01,,false,Unknown
American Hi-Fi,Russian Federation,"",Group,1998-08-02,,false,Unknown
MICHAEL MARCAGI,Unknown,"",Person,,,false,Unknown
BLUAY FEAT. IRINA BARROS,United States,southern rock,Group,1969-01-01,,false,Unknown
"ADAM PORT, STYV, KEINEMUSIK, ORSO, MALACHII",Unknown,"",Group,,,false,Unknown
MURTA,Portugal,"",Person,,,false,Unknown
Lorde,New Zealand,pop,Person,1996-11-07,,false,New Zealand
NUNO RIBEIRO,Portugal,"",Person,,,false,Portugal
"DISTURBED, CYRIL REMIX",Latvia,latvian,Group,1985-01-01,1992-01-01,true,Unknown
TRAVIS SCOTT,United States,hip hop,Person,1991-04-30,,false,United States of America
Halsey,United States,alternative pop,Person,1994-09-29,,false,Unknown
CHRIS BROWN,Unknown,"","",,,,United States of America
BARBARA BANDEIRA,Portugal,"",Person,,,false,Portugal
Polo G,Germany,schlager,Person,1949-12-04,,false,United States of America
John Mayer,United States,acoustic rock,Person,1977-10-16,,false,United States of America
Maro,Portugal,eurovision 2022 artists,Person,1994-10-30,,false,Unknown
Irma,United States,2008 universal fire victim,Person,1941-02-18,,false,Unknown
DAVID GUETTA,France,house,Person,1967-11-07,,false,France
"ANJOS, NUNO RIBEIRO",Portugal,"",Person,,,false,Portugal
Djo,United States,bedroom pop,Person,1992-04-24,,false,United States of America
BÁRBARA TINOCO,Unknown,"",Person,1998-11-16,,false,Portugal
EVANESCENCE,United States,alternative metal,Group,1995-01-01,,false,Unknown
Soraia Tavares,United States,disco,Group,1959-01-01,,false,Unknown
"Matias Damásio, Heber",Angola,kizomba,Person,1982-05-09,,false,Angola
THE WEEKND feat. DAFT PUNK,France,electronic,Group,1993-01-01,2021-02-22,true,Unknown
CALVIN HARRIS feat. RIHANNA,United States,pop,Person,1988-02-20,,false,Unknown
DJ TOPO,Spain,"",Group,1978-01-01,,false,Unknown
Luan Pereira,Brazil,"",Person,,,false,Brazil
BLACK EYED PEAS x J. BALVIN,United States,hip hop,Group,1995-01-01,,false,Unknown
BIA CABOZ,Unknown,"","",,,false,Unknown
DEEJAY TELIO & YASMINE,Portugal,"",Person,1996-07-20,,false,Unknown
IVANDRO,Portugal,"",Person,1998-07-26,,false,Brazil
"David Guetta, Sam Martin",France,house,Person,1967-11-07,,false,Unknown
BAD BUNNY & JHAY CORTEZ,Puerto Rico,reggaeton,Person,1993-04-09,,false,Unknown
Arizona Zervas,United States,hip hop,Person,1995-04-19,,false,United States of America
"KALI UCHIS, PESO PLUMA",Mexico,corrido tumbado,Person,1999-07-15,,false,Mexico
LUISA SONZA feat. KAYBLACK,Brazil,alternative pop,Person,1998-07-18,,false,Unknown
Post Malone ,United States,hip hop,Person,1995-07-04,,false,United States of America
CHARLIE JEER,Unknown,"",Person,,,false,Unknown
MICHAEL KIWANUKA,United Kingdom,soul,Person,1987-05-03,,false,United Kingdom
SHABOOZEY,United States,country,Person,1995-05-09,,false,United States of America
NE-YO,United States,contemporary r&b,Person,1979-10-18,,false,United States of America
Avril Lavigne,Canada,pop punk,Person,1984-09-27,,false,Canada
Edward Maya,Romania,deep house,Person,1986-06-29,,false,Romania
CROWDED HOUSE,Australia,alternative rock,Group,1985-01-01,,false,Unknown
MC Zaac,Greece,"",Person,,,false,Unknown
"ARIANA GRANDE, NICKI MINAJ",United States,hip hop,Person,1982-12-08,,false,Unknown
"Rihanna, Calvin Harris",Unknown,dance-pop,Person,1984-01-17,,false,Scotland
"David Guetta, Sia",France,house,Person,1967-11-07,,false,Unknown
Jack Harlow,United States,hip hop,Person,1998-03-13,,false,United States of America
Nicky Jam ,United States,grunge,Group,1990-01-01,,false,United States of America
RUDIMENTAL x SKEPSIS feat. CHARLOTTE PLANK & RIKO DAN,Unknown,drum and bass,Person,2001-01-01,,false,Unknown
Miguel Araújo,Portugal,rock,Person,1978-07-13,,false,Peru
MARIZA,Portugal,world,Person,1973-12-16,,false,Portugal
VAN ZEE,Germany,classical,Person,1770-12-17,1827-03-26,true,Unknown
Rag'n'Bone Man,Unknown,blues,Person,1985-01-29,,false,United Kingdom
Sam the Kid,Portugal,"",Person,1979-07-17,,false,Portugal
Fingertips,Portugal,soft rock,Group,2002-01-01,,false,Unknown
Lil Nas X,United States,pop rap,Person,1999-04-09,,false,United States of America
KAROL G. x NICKI MINAJ,United States,hip hop,Person,1982-12-08,,false,Unknown
Vitor Kley,Brazil,"",Person,1994-08-18,,false,Brazil
"Inês Apenas, Irma",Portugal,"",Person,,,false,Unknown
Adele,United Kingdom,pop,Person,1988-05-05,,false,United Kingdom
PEGGY GOU,Unknown,dance,Person,1991-07-03,,false,South Korea
Veigh,Brazil,hip hop,Person,2001-09-12,,false,United States of America
DAVID GUETTA & BEBE REXHA,United States,pop,Person,1989-08-30,,false,Unknown
MARK AMBOR,United States,"",Person,,,false,United States of America
"Pedro Abrunhosa, Camané",Portugal,fado,Person,1966-12-20,,false,Unknown
Frances,United States,aln-sh,Person,1912-11-04,1991-11-08,true,Unknown
Mafalda Veiga,Portugal,folk,Person,1965-12-24,,false,Portugal
JAX JONES & ZOE WEES,Germany,pop,Person,2002-05-13,,false,Germany
Dillaz,Unknown,hip hop,Person,1991-05-04,,false,Portugal
SEBASTIAN YATRA,Colombia,latin pop,Person,1994-10-15,,false,Colombia
"ALEC BENJAMIN, KHALID",United States,contemporary r&b,Person,1998-02-11,,false,Unknown
Diana Castro,Portugal,"",Person,,,false,United States of America
BANDIDOS DO CANTE,Unknown,special purpose artist,Other,,,false,Unknown
Gabriella Cilmi,Australia,pop,Person,1991-10-10,,false,Australia
OUTKAST,United States,hip hop,Group,1991-01-01,,false,Unknown
VIRGUL,Portugal,"",Person,1979-08-07,,false,Unknown
"THE CHAINSMOKERS, COLDPLAY",United Kingdom,alternative rock,Group,1996-09-01,,false,Unknown
JOANA OLIVEIRA,Sweden,electronic,Person,,,false,Spain
Bryant Barnes,Australia,aln-sh,Person,1956-04-28,,false,United States of America
SABRINA CARPENTER,United States,pop,Person,1999-05-11,,false,United States of America
Dave,"","","",,,,Unknown
DANNI GATO x VIRGUL,Portugal,"",Person,1979-08-07,,false,Unknown
PANIC! AT THE DISCO,United States,pop punk,Group,2004-01-01,2023-03-10,true,Unknown
Pearl Jam,United States,grunge,Group,1990-01-01,,false,Unknown
"Elton John, Britney Spears",United States,pop,Person,1981-12-02,,false,Unknown
"Elton John, Dua Lipa",Unknown,dance-pop,Person,1995-08-22,,false,Unknown
FIFTY FIFTY,"Korea, Republic of",girl group,Group,2022-11-10,,false,Unknown
"Sam Smith, Alicia Keys",United States,contemporary r&b,Person,1981-01-25,,false,Unknown
Daniel Powter,Canada,pop,Person,1971-02-25,,false,Canada
SHAKIRA [+] ALEJANDRO SANZ,Spain,latin pop,Person,1968-12-18,,false,Spain
CHAPPELL ROAN,United States,queer,Person,1998-02-19,,false,United States of America
Mizzy Miles,United States,jazz,Person,1926-05-26,1991-09-28,true,Unknown
Beatriz Caixinha,Unknown,"",Person,,,false,Brazil
Muse,United Kingdom,alternative rock,Group,1994-01-01,,false,Unknown
"KAPPA JOTTA, MUN",Poland,doom,Group,2015-01-01,,false,Unknown
SZA,United States,contemporary r&b,Person,1989-11-08,,false,United States of America
Amy MacDonald,United Kingdom,folk rock,Person,1987-08-25,,false,United Kingdom
JACK HARLOW,United States,hip hop,Person,1998-03-13,,false,United States of America
JUSTIN TIMBERLAKE,United States,pop,Person,1981-01-31,,false,United States of America
LUIS TRIGACHEIRO,Unknown,"",Person,,,false,Portugal
Jason Mraz,United States,pop rock,Person,1977-06-23,,false,United States of America
WIU & Teto,Japan,"",Group,2016-01-01,2022-01-01,true,Unknown
"Carolina Deslandes, Rui Veloso",Portugal,"",Person,1957-07-30,,false,Portugal
Kurt Nilsen,Norway,country,Person,1978-09-29,,false,Norway
50 Cent ,United States,hip hop,Person,1975-07-06,,false,United States of America
21 SAVAGE,United States,hip hop,Person,1992-10-22,,false,United States of America
Natasha Bedingfield,United Kingdom,pop,Person,1981-11-26,,false,United Kingdom
The Calling,United States,alternative rock,Group,1996-01-01,,false,Unknown
Conan Gray,United States,ballad,Person,1998-12-05,,false,United States of America
QUAVO & LANA DEL REY,United States,indie pop,Person,1985-06-21,,false,Unknown
Eminem,United States,hip hop,Person,1972-10-17,,false,United States of America
"Nelly, Kelly Rowland",United States,contemporary r&b,Person,1981-02-11,,false,Unknown
JUSTIN TIMBERLAKE [+] NELLY FURTADO,Canada,pop,Person,1978-12-02,,false,Canada
Shouse,Unknown,dance,Group,,,false,Unknown
BLACK EYED PEAS,United States,hip hop,Group,1995-01-01,,false,Unknown
D4VD,United States,alternative r&b,Person,2005-03-28,,false,United States of America
Damiano David,Unknown,art rock,Person,1947-01-08,2016-01-10,true,Italy
Lon3r Johny,Portugal,"",Person,1994-03-22,,false,Portugal
JUICE WRLD,United States,hip hop,Person,1998-12-02,2019-12-08,true,United States of America
ANITTA,Brazil,funk,Person,1993-03-30,,false,Brazil
"Kygo, Jonas Brothers",United States,teen pop,Group,2005-01-01,,false,United States of America
ED SHEERAN,United Kingdom,pop,Person,1991-02-17,,false,United Kingdom
FLORITO,Unknown,"","",,,false,Unknown
Florence and the Machine,United Kingdom,indie rock,Group,2007-01-01,,false,Unknown
António Zambujo,Portugal,ballade,Person,1975-09-19,,false,Portugal
"JOANA ALMEIRANTE, SAMUEL URIA",Portugal,"",Person,1979-09-18,,false,Unknown
JAMES INGRAM [+] PATTY AUSTIN,United States,2008 universal fire victim,Person,1950-08-10,,false,United States of America
Michael Jackson,United States,pop,Person,1958-08-29,2009-06-25,true,United States of America
Bispo,Unknown,"",Person,1992-04-12,,false,Unknown
KYLIE MINOGUE,Australia,dance-pop,Person,1968-05-28,,false,Australia
LIAM PAYNE feat. QUAVO,United States,hip hop,Person,1991-04-02,,false,Unknown
"Pedro Abrunhosa, Cat",Portugal,"",Person,1960-12-20,,false,Unknown
"Gary Jules, Michael Andrews",United States,soundtrack composer,Person,1967-11-17,,false,United States of America
"Rihanna, Mikky Ekko",United States,"",Person,1984-12-17,,false,Unknown
MEGAN THEE STALION & DUA LIPA,Unknown,dance-pop,Person,1995-08-22,,false,Unknown
ADRIANA CALCANHOTO,Brazil,1990s,Person,1965-10-03,,false,Brazil
Sétima Legião,Portugal,rock,Group,1982-01-01,,false,Unknown
Train,United States,pop,Group,1994-01-01,,false,Unknown
"Madonna, Timbaland, Justin Timberlake",United States,pop,Person,1981-01-31,,false,Unknown
Colbie Caillat,United States,pop,Person,1985-05-28,,false,United States of America
Lost Frequencies,Belgium,house,Person,1993-11-30,,false,Belgium
LIZZO,United States,hip hop,Person,1988-04-27,,false,United States of America
Gayle,United States,country pop,Person,1951-01-09,,false,Unknown
RICHIE CAMPBELL FEAT. VAN ZEE & FRANKIEONTHEGUITAR,Portugal,"",Person,,,false,Unknown
NIALL HORAN,Ireland,pop,Person,1993-09-13,,false,Ireland
Jasmine Thompson,United Kingdom,dance-pop,Person,2000-11-08,,false,United Kingdom
"Rihanna, Eminem",United States,hip hop,Person,1972-10-17,,false,Unknown
KENDRICK LAMAR,United States,hip hop,Person,1987-06-17,,false,United States of America
BAD BUNNY,Puerto Rico,latin trap,Person,1994-03-10,,false,United States of America
Passenger [uk],United Kingdom,punk,Group,1977-01-01,,false,United Kingdom
LYKKE LI,Sweden,art pop,Person,1986-03-18,,false,Sweden
ZUCCHERO [+] PAUL YOUNG,United Kingdom,blue-eyed soul,Person,1956-01-17,,false,Unknown
JAY SEAN feat. LIL WAYNE,United States,gangsta rap,Person,1982-09-27,,false,Unknown
NATASHA BEDINGFIELD,United Kingdom,pop,Person,1981-11-26,,false,United Kingdom
Vários: Homenagem RC a Carlos do Carmo,Portugal,fado,Person,1939-12-21,2021-01-01,true,Unknown
BOYZ II MEN,United States,pop,Group,1988-01-01,,false,Unknown
GIULIA BE feat. LUAN SANTANA,Brazil,country,Person,1991-03-13,,false,Brazil
MYLES SMITH,United States,indie folk,Person,1969-08-06,2003-10-21,true,United Kingdom
"Madcon, Ray Dalton",Unknown,gospel,Person,1991-05-10,,false,Unknown
"DOJA CAT, SZA",United States,contemporary r&b,Person,1989-11-08,,false,Unknown
CAPITAL CITIES,United States,electronic,Group,2009-01-01,,false,Unknown
BL3SS & CAMRINWATSIN feat. BBYCLOSE,Unknown,"","",2022-01-01,,false,Unknown
JUNG KOOK feat. LATTO,"Korea, Republic of",edm,Person,1997-09-01,,false,Unknown
GRACIE ABRAMS,United States,folk pop,Person,1999-09-07,,false,United States of America
"TWOLOLORS, SAFRI DUO, CHRIS DE SARAJDY",Denmark,electronic,Group,1988-01-01,,false,Unknown
DUA LIPA,Unknown,dance-pop,Person,1995-08-22,,false,United Kingdom
TRAVIS SCOTT x BAD BUNNY & THE WEEKND,Canada,r&b,Person,1990-02-16,,false,Unknown
Vários: Homenagem RC a Jorge Palma,Portugal,"",Person,1950-06-04,,false,Unknown
Billie Eilish,United States,alternative pop,Person,2001-12-18,,false,United States of America
Ivete Sangalo,Brazil,axé,Person,1972-05-27,,false,Brazil
DRAKE feat. WIZKID & KYLA,Nigeria,afropop,Person,1990-07-16,,false,Unknown
Marisa Liz,Portugal,"",Person,1982-01-01,,false,Portugal
TIMBALAND,United States,contemporary r&b,Person,1972-03-10,,false,United States of America
Sebastian Yatra,Colombia,latin pop,Person,1994-10-15,,false,Colombia
Tom Walker,United Kingdom,indie pop,Person,1991-12-17,,false,Unknown
IVANDRO FEAT. BISPO,United States,southern rock,Group,1969-01-01,,false,Portugal
"Miguel Araújo, Os Quatro e Meia",Portugal,"",Group,2013-01-01,,false,Unknown
RITON X NIGHTCRAWLERS FT. MUFASA E HYPEMAN,Unknown,"",Group,,,false,Unknown
SHAGGY feat. RAYVON,Unknown,dancehall,Person,1968-01-01,,false,Unknown
Alex Warren,United Kingdom,"",Person,1962-07-04,,false,United States of America
Kodaline,Ireland,alternative rock,Group,2011-01-01,,false,Unknown
Virgem Suta,Portugal,"",Group,,,false,Unknown
Jason Derulo,United States,pop,Person,1989-09-21,,false,United States of America
Dina,United Kingdom,soul,Person,1968-08-21,,false,Unknown
MIKE POSNER,United States,electropop,Person,1988-02-12,,false,United States of America
DANIEL BEDINGFIELD,United Kingdom,english,Person,1979-12-03,,false,United Kingdom
ROSALIA,Spain,flamenco,Person,1992-09-25,,false,Spain
TINASHE,United States,alternative r&b,Person,1993-02-06,,false,United States of America
"Carolina Deslandes, António Zambujo",Portugal,ballade,Person,1975-09-19,,false,Unknown
Alan Walker,Norway,electronic,Person,1997-08-24,,false,Norway
MARY J. BLIGE,United States,contemporary r&b,Person,1971-01-11,,false,United States of America
"Camila Cabello, Ed Sheeran",United Kingdom,pop,Person,1991-02-17,,false,Unknown
PRINCE AND THE REVOLUTION,United States,funk,Person,1958-06-07,2016-04-21,true,Unknown
"James Morrison, Nelly Furtado",Canada,pop,Person,1978-12-02,,false,Canada
FrankieontheGuitar,Portugal,"",Person,,,false,Unknown
BILLY GILLIES feat. HANNAH BOLEYN,United Kingdom,"",Person,1990-02-18,,false,Unknown
Flo Rida ,United States,pop rap,Person,1979-09-16,,false,United States of America
"Miguel Carmona, Rita Rocha",Unknown,"",Person,2006-08-08,,false,Unknown
Sech,Panama,latin,Person,1993-12-03,,false,Unknown
THE GAME feat. 50 CENT,United States,hip hop,Person,1975-07-06,,false,Unknown
LOGIC feat. ALESSIA CARA & KHALID,Canada,contemporary r&b,Person,1996-07-11,,false,Unknown
"D.A.M.A., BUBA ESPINHO",Portugal,"",Person,,,false,Unknown
DILLAZ feat. PLUTONIO,Portugal,"",Person,,,false,Unknown
SILVA FT. ANITTA,Brazil,funk,Person,1993-03-30,,false,Unknown
Da Weasel,Portugal,rock,Group,1993-01-01,,true,Unknown
TEDDY SWIMS,United States,alternative rock,Person,1992-09-25,,false,United States of America
"MARSHMELLO, MANUEL TURIZO",Colombia,latin,Person,2000-04-12,,false,Unknown
Lenny Kravitz,United States,rock,Person,1964-05-26,,false,United States of America
CHRIS ISAAK,United States,pop rock,Person,1956-06-26,,false,United States of America
YANG,United States,crunk,Group,2000-01-01,,false,Unknown
Miley Cyrus,United States,pop,Person,1992-11-23,,false,United States of America
The Underdog Project,Germany,"",Group,2001-01-01,,false,Unknown
REAMONN,Germany,pop rock,Group,1999-01-01,2012-01-01,true,Unknown
WHITNEY HOUSTON,United States,contemporary r&b,Person,1963-08-09,2012-02-11,true,United States of America
AXWELL & INGROSSO,Sweden,"",Group,2014-01-01,,false,Unknown
CLEAN BANDIT feat. SEAN PAUL & ANNE-MARIE,United Kingdom,dance-pop,Group,2008-01-01,,false,Unknown
MACKLEMORE & RYAN LEWIS feat. RAY DALTON,United States,hip hop,Group,2009-01-01,,false,Unknown
DJ Dadda,Sweden,"",Person,,,false,Portugal
POST MALONE,United States,hip hop,Person,1995-07-04,,false,United States of America
THE WEEKND feat. ANITTA,Canada,r&b,Person,1990-02-16,,false,Brazil
Jamiroquai,United Kingdom,acid jazz,Group,1992-01-01,,false,Unknown
Shawn Mullins,United States,alternative rock,Person,1968-03-08,,false,United States of America
Bad Bunny,Puerto Rico,latin trap,Person,1994-03-10,,false,United States of America
JOHN LENNON,United Kingdom,rock,Person,1940-10-09,1980-12-08,true,United Kingdom
NORAH JONES,United States,vocal jazz,Person,1979-03-30,,false,United States of America
JONAS BROTHERS,United States,teen pop,Group,2005-01-01,,false,Unknown
BÁRBARA TINOCO FT. BÁRBARA BANDEIRA,Unknown,"",Person,1998-11-16,,false,Unknown
KATSEYE,United States,girl group,Group,2023-11-18,,false,Unknown
Years & Years,United Kingdom,electropop,Group,2010-07-20,2023-12-16,true,Unknown
"Beyoncé, Jay Z",United States,pop rap,Person,1969-12-04,,false,Unknown
Coldplay,United Kingdom,alternative rock,Group,1996-09-01,,false,Unknown
One Direction,Unknown,boy band,Group,2010-07-23,2015-12-31,true,Unknown
SWEDISH HOUSE MAFIA FT. THE WEEKND,Canada,r&b,Person,1990-02-16,,false,Unknown
Hoobastank,United States,alternative rock,Group,1994-01-01,,false,Unknown
Adriana Calcanhotto,Brazil,1990s,Person,1965-10-03,,false,Brazil
Camila Cabello,United States,pop,Person,1997-03-03,,false,Cuba
Paulo Gonzo,Portugal,"",Person,1956-11-11,,false,Portugal
Corinne Bailey Rae,United Kingdom,soul,Person,1979-02-26,,false,United Kingdom
Capicua,Unknown,"",Person,,,false,Portugal
Jamie Cullum,United Kingdom,jazz,Person,1979-08-20,,false,United Kingdom
BUBA ESPINHO FT. BANDIDOS DO CANTE,Portugal,"",Person,,,false,Unknown
FINGERTIPS,Portugal,soft rock,Group,2002-01-01,,false,Unknown
JOVEM DIONISIO,Unknown,"","",,,false,Unknown
Sophie Ellis-Bextor,United Kingdom,dance-pop,Person,1979-04-10,,false,United Kingdom
"MAROON 5, SZA",United States,contemporary r&b,Person,1989-11-08,,false,Unknown
Salvador Sobral,Portugal,jazz,Person,1989-12-28,,false,Portugal
Charlie Puth,United States,pop,Person,1991-12-02,,false,United States of America
SOPHIE ELLIS-BEXTOR,United Kingdom,dance-pop,Person,1979-04-10,,false,United Kingdom
BÁRBARA BANDEIRA FT. IVANDRO,Portugal,"",Person,1998-07-26,,false,Unknown
DIDO,United Kingdom,pop,Person,1971-12-25,,false,Phoenicia
Álvaro de Luna,Unknown,"","",,,false,Crown of Castile
"Charlie Puth, Selena Gomez",United States,dance-pop,Person,1992-07-22,,false,Unknown
DILLAZ feat. JULINHO KSD,Portugal,"",Person,,,false,Unknown
André Sardet,Unknown,"",Person,1976-01-01,,false,Portugal
Xutos & Pontapés,Portugal,new wave,Group,1978-12-20,,false,Unknown
BECKY HILL,United Kingdom,pop,Person,1994-02-14,,false,United Kingdom
Vasco Palmeirim,Portugal,"",Person,,,false,Portugal
Diana Krall,Canada,jazz,Person,1964-11-16,,false,Canada
Anitta,Brazil,funk,Person,1993-03-30,,false,Brazil
Nirvana,United States,grunge,Group,1987-01-01,1994-04-05,true,Unknown
PINK,Unknown,progressive rock,Group,1965-01-01,2014-01-01,true,Unknown
Benson Boone,United States,pop,Person,1934-06-01,,false,United States of America
JAMES MORRISON,Unknown,folk rock,Person,1945-08-31,,false,United Kingdom
BEYONCÉ,United States,pop,Person,1981-09-04,,false,United States of America
India.Arie,United States,acoustic,Person,1975-10-03,,false,United States of America
Luísa Sonza,Brazil,alternative pop,Person,1998-07-18,,false,Brazil
Maroon 5,United States,pop,Group,2002-01-01,,false,Unknown
Nena [pt],New Zealand,"",Person,1987-01-01,,false,Unknown
DAFT PUNK [+] PHARRELL WILLIAMS,United States,contemporary r&b,Person,1973-04-05,,false,Unknown
ZARA LARSSON x DAVID GUETTA,France,house,Person,1967-11-07,,false,Unknown
DASHA,United States,"",Person,2000-02-27,,false,Unknown
DAVID GUETTA + ONEREPUBLIC,United States,pop,Group,2004-01-01,,false,Unknown
Bon Jovi,United States,hard rock,Group,1983-01-01,,false,Unknown
THE FRAY,United States,alternative rock,Group,2002-01-01,,false,Unknown
Delfins,Unknown,"",Group,1981-01-01,,true,Unknown
FLO RIDA,United States,pop rap,Person,1979-09-16,,false,United States of America
Dasha,United States,"",Person,2000-02-27,,false,Unknown
"Diana Lima, Murta",Portugal,"",Person,,,false,Unknown
A GREAT BIG WORLD / CHRISTINA AGUILERA,United States,pop,Person,1980-12-18,,false,Unknown
Calum Scott,United Kingdom,lgbtqi,Person,1988-10-12,,false,United Kingdom
Charlotte Day Wilson,Canada,alternative r&b,Person,1993-01-01,,false,Canada
The Script,Ireland,breakeven,Group,2001-01-01,,false,Unknown
Katy Perry,United States,pop,Person,1984-10-25,,false,United States of America
CHARLI XCX FEAT. BILLIE EILISH,United States,alternative pop,Person,2001-12-18,,false,Unknown
"Ariana Grande, Brandy, Monica",United States,pop,Person,1993-06-26,,false,Unknown
"MATIAS DAMÁSIO, CARLOS RIVERA",Angola,kizomba,Person,1982-05-09,,false,Unknown
RICK ASTLEY,United Kingdom,blue-eyed soul,Person,1966-02-06,,false,United Kingdom
JoJo,United States,jojo,Person,1990-12-20,,false,United States of America
LL COOL J feat. EMINEM,United States,hip hop,Person,1972-10-17,,false,Unknown
"Pedro Abrunhosa, Diogo Piçarra",Portugal,"",Person,1990-10-19,,false,Unknown
CHRIS BROWN feat. WIZKID,Nigeria,afropop,Person,1990-07-16,,false,United States of America
Ivandro,Portugal,"",Person,1998-07-26,,false,Brazil
Shakira,Colombia,pop,Person,1977-02-02,,false,Spain
KHALID,United States,contemporary r&b,Person,1998-02-11,,false,Unknown
Nickelback,Canada,hard rock,Group,1995-01-01,,false,Unknown
Jawsh 685,New Zealand,english,Person,,,false,New Zealand
Plutónio,Portugal,"",Person,,,false,Portugal
FRED AGAIN.. & OBONGJAYAR,Unknown,afrobeat,Person,,,false,Unknown
VANESSA CARLTON,United States,piano pop,Person,1980-08-16,,false,United States of America
Aurea,Portugal,"",Person,1987-09-07,,false,Unknown
MALUMA,Colombia,reggaeton,Person,1994-01-28,,false,Colombia
MORAD & GIMS,France,french hip hop,Person,1986-05-06,,false,Democratic Republic of the Congo
Brandi Carlile,United States,country,Person,1981-06-01,,false,United States of America
SYRO FT. GISELA JOÃO,Portugal,"",Person,1983-11-06,,false,Unknown
"Gnash, Olivia O'Brien",United States,"",Person,1999-11-26,,false,United States of America
Katie Melua,United Kingdom,00s,Person,1984-09-16,,false,Soviet Union
ProfJam,Portugal,"",Person,,,false,Portugal
MAE STEPHENS,Unknown,"",Person,2003-03-24,,false,United Kingdom
"JP Saxe, Julia Michaels",United States,pop,Person,1993-11-13,,false,Canada
"METRO BOOMIN, THE WEEKND & 21 SAVAGE",Canada,r&b,Person,1990-02-16,,false,Unknown
JUSTIN BIEBER & BENNY BLANCO,Canada,pop,Person,1994-03-01,,false,Unknown
JOJI,United States,ballad,Person,1992-09-18,,false,Japan
"John Mayer, Katy Perry",United States,pop,Person,1984-10-25,,false,Unknown
SAM SMITH,United States,indie folk,Person,1969-08-06,2003-10-21,true,United Kingdom
"Cian Ducrot, Ella Henderson",United Kingdom,pop,Person,1996-01-12,,false,United Kingdom
Arctic Monkeys,United Kingdom,indie rock,Group,2002-01-01,,false,Unknown
NICKELBACK,Canada,hard rock,Group,1995-01-01,,false,Unknown
Luís Trigacheiro,Unknown,"",Person,,,false,Portugal
"Ed Sheeran, Justin Bieber",Canada,pop,Person,1994-03-01,,false,Unknown
SEAN KINGSTON,Jamaica,pop,Person,1990-02-03,,false,Jamaica
WET BED GANG x LHAST,Portugal,hip hop,Group,2014-01-01,,false,Portugal
"MIZZY MILES, VAN ZEE, BISPO",United States,jazz,Person,1926-05-26,1991-09-28,true,Portugal
Cabeças no Ar,Unknown,"",Group,2003-01-01,,false,Portugal
24kGoldn,United States,hip hop,Person,2000-11-13,,false,United States of America
ANA MOURA,Portugal,fado,Person,1979-01-01,,false,Portugal
RIHANNA feat. CALVIN HARRIS,Unknown,dance-pop,Person,1984-01-17,,false,Unknown
Taylor Swift,United States,pop,Person,1989-12-13,,false,United States of America
Anna Nalick,United States,pop rock,Person,1984-03-30,,false,United States of America
JULIETTE,France,chanson française,Person,1927-02-07,2020-09-23,true,Unknown
MYKE TOWERS,Puerto Rico,latin,Person,1994-01-15,,false,United States of America
Sofia Camara,Canada,"",Person,,,false,Argentina
WIZKID feat. BRENT FAIYAZ,United States,r&b,Person,1995-09-19,,false,Unknown
Christina Aguilera,United States,pop,Person,1980-12-18,,false,United States of America
Manuel Turizo,Colombia,latin,Person,2000-04-12,,false,Colombia
Bizarrap,Argentina,pop,Person,1998-01-01,,false,Argentina
ALOK & JESS GLYNNE,United Kingdom,dance-pop,Person,1989-10-20,,false,Unknown
Beyoncé,United States,pop,Person,1981-09-04,,false,United States of America
LUISA SONZA,Brazil,alternative pop,Person,1998-07-18,,false,Brazil
MIZZY MILES FEAT. T-REX & ZARA G.,United Kingdom,glam rock,Group,1967-01-01,1977-09-16,true,Unknown
"THE WEEKND, JENNIE, LILY-ROSE DEPP",United States,"",Person,1999-05-27,,false,United States of America
Khiaro,Unknown,"","",,,false,Unknown
CHARLI XCX,Unknown,electropop,Person,1992-08-02,,false,United Kingdom
Nico & Vinz,Norway,afrobeat,Group,2009-01-01,,false,Unknown
Bob Sinclar,France,electro house,Person,1967-05-10,,false,France
RAG N BONE MAN,Unknown,blues,Person,1985-01-29,,false,United Kingdom
BIZARRAP & SHAKIRA,Colombia,pop,Person,1977-02-02,,false,Unknown
"MEGAN TRAINOR, JOHN LEGEND",United States,soul,Person,1978-12-28,,false,United States of America
TATE McRAE,Canada,pop,Person,2003-07-01,,false,Canada
WIU,Brazil,hip hop,Person,2002-02-16,,false,Unknown
Fugees,United States,hip hop,Group,1992-01-01,2006-01-01,true,Unknown
Juice WRLD,United States,hip hop,Person,1998-12-02,2019-12-08,true,United States of America
BISPO FT. BARBARA TINOCO,Unknown,"",Person,1998-11-16,,false,Unknown
"DJ TOPO, SEU JORGE, MC LEOZIN & MC G15",Brazil,"",Person,1998-10-01,,false,Unknown
CALEMA & ZÉ FILIPE,Brazil,folk rock,Person,1949-10-03,,false,Portugal
SHAWN MENDES,Canada,pop,Person,1998-08-08,,false,Canada
PEDRO MAFAMA,Portugal,"",Person,,,false,Portugal
 ,Unknown,special purpose artist,Other,,,false,Unknown
FUTURE & METRO BOOMIN feat. KENDRICK LAMAR,United States,hip hop,Person,1993-09-16,,false,Unknown
Becky G,Germany,schlager,Person,1949-12-04,,false,United States of America
Clã,Portugal,"",Group,1992-11-01,,false,Unknown
Michele Morrone,Italy,"",Person,1990-10-03,,false,Italy
Piso 21 ,Colombia,latin,Group,,,false,Unknown
Lewis Capaldi,United Kingdom,pop,Person,1996-10-17,,false,United Kingdom
"Justin Bieber, Benny Blanco",Canada,pop,Person,1994-03-01,,false,Unknown
Khalid,United States,contemporary r&b,Person,1998-02-11,,false,Unknown
ERIC CLAPTON,United Kingdom,blues rock,Person,1945-03-30,,false,United Kingdom
MR. BELT & WEZOL,Netherlands,"",Group,,,false,Unknown
BISPO feat. IVANDRO,Portugal,"",Person,1998-07-26,,false,Portugal
"Calum Scott, Leona Lewis",United Kingdom,contemporary r&b,Person,1985-04-03,,false,Unknown
Craig David,Unknown,art rock,Person,1947-01-08,2016-01-10,true,United Kingdom
Modjo,France,french house,Group,1998-01-01,2002-01-01,true,Unknown
Vários: Homenagem RC aos Xutos & Pontapés,Portugal,new wave,Group,1978-12-20,,false,Unknown
TOM ODELL,United Kingdom,indie folk,Person,1990-11-24,,false,United Kingdom
FRANKIEONTHEGUITAR feat. IVANDRO & SLOW J.,Portugal,"",Person,1998-07-26,,false,Unknown
"D.A.M.A., Buba Espinho",Portugal,"",Person,,,false,Unknown
INSTINTO 26,Portugal,"",Group,,,false,Unknown
"TAYLOR SWIFT, POST MALONE",United States,hip hop,Person,1995-07-04,,false,Unknown
TORANJA,Unknown,"",Group,,,false,Unknown
KYGO FT. SELENA GOMEZ,United States,dance-pop,Person,1992-07-22,,false,Unknown
JOE COCKER,United Kingdom,rock,Person,1944-05-20,2014-12-22,true,United Kingdom
Maninho,Unknown,"","",,,false,Mozambique
Fumaxa,Unknown,"","",,,false,Unknown
"Zero 7, Sia, Sophie Barker",Australia,pop,Person,1975-12-18,,false,Unknown
Feid,Colombia,latin,Person,1992-08-19,,false,Colombia
MAROON 5 feat. FUTURE,United States,pop,Group,2002-01-01,,false,Unknown
"Márcia, JP Simões",Portugal,"",Person,1970-01-01,,false,Unknown
"Ivandro, Julinho Ksd",Portugal,"",Person,,,false,Unknown
BARBARA BANDEIRA FEAT. VEIGH,Brazil,hip hop,Person,2001-09-12,,false,Unknown
"Bárbara Tinoco, Bárbara Bandeira",Unknown,"",Person,1998-11-16,,false,Portugal
"Pablo Alborán, Carminho",Spain,pop,Person,1989-05-31,,false,Unknown
Pedro Sampaio,Brazil,"",Person,1997-12-21,,false,Brazil
DIANA LIMA,Germany,"",Person,,,false,Unknown
Internet Money,Unknown,emo rap,Group,,,false,Unknown
CAROLINA DESLANDES,Portugal,"",Person,1991-08-27,,false,Portugal
FRENCH MONTANA feat. SWAE LEE,United States,hip hop,Person,1993-06-07,,false,Unknown
JASON MRAZ,United States,pop rock,Person,1977-06-23,,false,United States of America
"Travie McCoy, Bruno Mars",United States,pop,Person,1985-10-08,,false,Unknown
S. Pedro,Mexico,latin,Person,1917-11-18,1957-04-15,true,Brazil
LIL NAS X,United States,pop rap,Person,1999-04-09,,false,United States of America
LOREEN,Sweden,dance-pop,Person,1983-10-16,,false,Sweden
Amy Winehouse,United Kingdom,soul,Person,1983-09-14,2011-07-23,true,United Kingdom
Shaboozey,United States,country,Person,1995-05-09,,false,United States of America
"Nena [pt], Carolina de Deus",Brazil,"",Person,,,false,Unknown
John Legend,United States,soul,Person,1978-12-28,,false,United States of America
J Balvin,Colombia,reggaeton,Person,1985-05-07,,false,Colombia
TOMMY RICHMAN,Unknown,"",Person,2000-03-21,,false,United States of America
Wet Bed Gang,Portugal,hip hop,Group,2014-01-01,,false,Unknown
GRELO,Unknown,"",Person,,,false,Canada
CALVIN HARRIS feat. JOHN NEWMAN,Unknown,pop,Person,1990-06-16,,false,Unknown
Lukas Graham,Denmark,pop soul,Group,2011-01-01,,false,Unknown
"KYGO, AVA MAX",United States,pop,Person,1994-02-16,,false,Unknown
"Kelsea Ballerini, Noah Kahan",United States,folk pop,Person,1997-01-01,,false,Unknown
Matheus Paraizo,France,"",Group,1991-01-01,,false,Unknown
Trovante,Portugal,"",Group,1976-01-01,1992-01-01,true,Portugal
Wiu,Brazil,hip hop,Person,2002-02-16,,false,Unknown
NICOLAJ GRANDJEAN,Denmark,"",Person,1973-06-11,,false,Unknown
Bárbara Bandeira,Portugal,"",Person,,,false,Portugal
Paramore,United States,pop rock,Group,2004-01-01,,false,Unknown
Counting Crows,United States,alternative rock,Group,1991-01-01,,false,Unknown
"Charlie Puth, Meghan Trainor",United States,pop,Person,1993-12-22,,false,Unknown
Disturbed,United States,alternative metal,Group,1996-01-01,,false,Unknown
Mc Daniel,Argentina,conductor,Person,1942-11-15,,false,United States of America
"David Guetta, Kelly Rowland",United States,contemporary r&b,Person,1981-02-11,,false,Unknown
"ELTON JOHN, DUA LIPA",Unknown,dance-pop,Person,1995-08-22,,false,Unknown
"Taylor Swift, Post Malone",United States,hip hop,Person,1995-07-04,,false,Unknown
"Swedish House Mafia, The Weeknd",Canada,r&b,Person,1990-02-16,,false,Unknown
DAVE x CENTRAL CEE,Unknown,hip hop,Person,1998-06-04,,false,United Kingdom
LIL NAS X feat. JACK HARLOW,United States,pop rap,Person,1999-04-09,,false,Unknown
Kelly Clarkson,United States,pop,Person,1982-04-24,,false,United States of America
"Mikkel Solnado, Joana Alegre",Portugal,"",Person,1985-01-01,,false,Unknown
"Lady Gaga, Bruno Mars",United States,pop,Person,1986-03-28,,false,Unknown
"DJ SNAKE, JUSTIN BIEBER",Canada,pop,Person,1994-03-01,,false,Unknown
"Dua Lipa, DaBaby",Unknown,dance-pop,Person,1995-08-22,,false,Unknown
TWENTY ONE PILOTS,United States,alternative rock,Group,2009-01-01,,false,Unknown
The Weeknd,Canada,r&b,Person,1990-02-16,,false,Canada
ANA CAROLINA & SEU JORGE,Brazil,brazilian,Person,1970-06-08,,false,Unknown
Ariana Grande,United States,pop,Person,1993-06-26,,false,United States of America
"Max [us], Gnash",United States,alternative r&b,Person,1993-06-16,,false,United States of America
"Coldplay, Beyoncé",United States,pop,Person,1981-09-04,,false,Unknown
CKay,Nigeria,afrobeats,Person,,,false,Nigeria
DOVE CAMERON,United States,pop,Person,1996-01-15,,false,United States of America
CHAMPAIGN,United States,r&b,Group,1981-01-01,,false,Unknown
David Fonseca,Colombia,latin,Person,1979-05-29,,false,Portugal
"David Guetta, Bebe Rexha",United States,pop,Person,1989-08-30,,false,Unknown
DANIEL POWTER,Canada,pop,Person,1971-02-25,,false,Canada
JIMIN,"Korea, Republic of",ballad,Person,1995-10-13,,false,South Korea
MANESKIN,Italy,pop rock,Group,2016-01-01,,false,Unknown
EMELI SANDE,United Kingdom,contemporary r&b,Person,1987-03-10,,false,United Kingdom
"MARY J. BLIGE, U2",Ireland,alternative rock,Group,1976-01-01,,false,Unknown
"OFENBACH, NORMA JEAN MARTINE",United Kingdom,english,Person,1991-03-21,,false,Unknown
"FEID, ATL JACOB",Unknown,"",Person,,,false,Unknown
GUGA,Brazil,"",Person,,,false,Unknown
BEYONCE feat. SEAN PAUL,Jamaica,dancehall,Person,1973-01-09,,false,Unknown
"COLDPLAY FEAT. LITTLE SIMZ, BURNA BOY, ELYANNA & TINI",United States,southern rock,Group,1969-01-01,,false,Unknown
ALESSIA CARA,Canada,contemporary r&b,Person,1996-07-11,,false,Italy
Justin Timberlake,United States,pop,Person,1981-01-31,,false,United States of America
MUMFORD & SONS,United Kingdom,folk pop,Group,2007-12-01,,false,Unknown
"Carolina de Deus, António Zambujo",Portugal,ballade,Person,1975-09-19,,false,Unknown
EMINEM feat. RIHANNA,United States,pop,Person,1988-02-20,,false,Unknown
MANINHO,Unknown,"","",,,false,Mozambique
Adam Lambert,United States,pop,Person,1982-01-29,,false,United States of America
"Imagine Dragons, Elisa [it]",United States,alternative rock,Group,2008-01-01,,false,Unknown
Mark Ambor,United States,"",Person,,,false,United States of America
"Rosé, Bruno Mars",United States,pop,Person,1985-10-08,,false,Unknown
Catarina Filipe,Brazil,"",Person,1987-09-26,,false,Brazil
JIMMY P. & KIKIMOTELEBA,Unknown,"","",,,false,Unknown
Fernando Daniel,Argentina,conductor,Person,1942-11-15,,false,Portugal
ZAYN,Unknown,pop,Person,1993-01-12,,false,United Kingdom
FloyyMenor,Unknown,"","",,,false,Chile
LADY GAGA,United States,pop,Person,1986-03-28,,false,United States of America
"BÁRBARA BANDEIRA, DILLAZ",Unknown,hip hop,Person,1991-05-04,,false,Unknown
Karol G,Germany,schlager,Person,1949-12-04,,false,Colombia
"Bárbara Bandeira, Ivandro",Portugal,"",Person,1998-07-26,,false,Portugal
Ed Sheeran,United Kingdom,pop,Person,1991-02-17,,false,United Kingdom
"Wiz Khalifa, Charlie Puth",United States,pop,Person,1991-12-02,,false,Unknown
Shawn Mendes,Canada,pop,Person,1998-08-08,,false,Canada
Omi,Jamaica,afrobeats,Person,1986-09-03,,false,Unknown
PIKIKA,Portugal,"",Person,,,false,Unknown
"Daft Punk, Pharrell Williams",United States,contemporary r&b,Person,1973-04-05,,false,Unknown
"Rema, Selena Gomez",United States,dance-pop,Person,1992-07-22,,false,Unknown
lady gaga,United States,pop,Person,1986-03-28,,false,United States of America
Daughtry,United States,alternative rock,Group,2006-07-10,,false,United States of America
INSTINTO 26 & IVANDRO,Portugal,"",Person,1998-07-26,,false,Unknown
BONNIE TYLER,United Kingdom,pop rock,Person,1951-06-08,,false,United Kingdom
JUSTIN TIMBERLAKE feat. T.I.,United States,pop,Person,1981-01-31,,false,Unknown
MICHAEL BOLTON,United States,pop,Person,1953-02-26,,false,United States of America
Xamã,Brazil,"",Person,,,false,Brazil
PEDRO ABRUNHOSA,Portugal,"",Person,1960-12-20,,false,Portugal
CHRISTINA PERRI,United States,pop,Person,1986-08-19,,false,United States of America
THE KID LAROI,Australia,hip hop,Person,2003-08-16,,false,Australia
PINK [+] NATE RUESS,United States,indie pop,Person,1982-02-26,,false,United States of America
GNARLS BARKLEY,United States,alternative hip hop,Group,2006-01-01,,false,Unknown
"Bispo, Syro",Portugal,"",Person,,,false,Unknown
NDOTZ,Unknown,"","",,,false,Unknown
FLYING PICKETS,United Kingdom,a cappella,Group,1982-01-01,,false,Unknown
Jamelia,United Kingdom,pop,Person,1981-01-11,,false,United Kingdom
RIHANNA [+] MIKKY EKKO,United States,"",Person,1984-12-17,,false,Unknown
EROS RAMAZZOTTI,Italy,pop,Person,1963-10-28,,false,Italy
Gabrielle,United Kingdom,british,Person,1970-04-16,,false,Unknown
MATUE & VEIGH,Brazil,hip hop,Person,2001-09-12,,false,Unknown
Tom Odell,United Kingdom,indie folk,Person,1990-11-24,,false,United Kingdom
DOMINGUES,Portugal,"","",,,false,Mozambique
Sabrina Carpenter,United States,pop,Person,1999-05-11,,false,United States of America
WALK THE MOON,United States,pop rock,Group,2008-03-06,,false,Unknown
"BRUNO MARS & ANDERSON PAAK, SILK SONIC",United States,r&b,Person,1986-02-08,,false,Unknown
"USHER, LIL JON & lUDRACRIS",United States,hip hop,Person,1971-01-17,,false,Unknown
Van Zee,Germany,classical,Person,1770-12-17,1827-03-26,true,Unknown
Chappel Roan,Unknown,"",Person,,,false,United States of America
DAMIEN RICE,Ireland,folk,Person,1973-12-07,,false,Ireland
"Coldplay, Little Simz, Tini, Burna Boy, Elyanna",United Kingdom,hip hop,Person,1994-02-23,,false,United Kingdom
PIRUKA,Portugal,"",Person,,,false,Portugal
BILLIE EILISH feat. KHALID,United States,alternative pop,Person,2001-12-18,,false,Unknown
MATHEUS PARAISO,Unknown,"",Group,,,false,Brazil
Humanos,Portugal,"",Group,2004-01-01,2006-01-01,true,Unknown
Oasis,United Kingdom,alternative rock,Group,1991-01-01,,false,Unknown
"Dengaz, Matay, Di Noise",Portugal,"",Person,,,false,Unknown
Limp Bizkit,United States,nu metal,Group,1994-01-01,,false,Unknown
pedro abrunhosa,Portugal,"",Person,1960-12-20,,false,Portugal
"Pedro Abrunhosa, Sara Correia",Portugal,"",Person,1993-05-27,,false,Unknown
Snow Patrol,United Kingdom,indie rock,Group,1994-01-01,,false,Unknown
Tom Grennan,United Kingdom,indie pop,Person,1995-06-08,,false,United Kingdom
GNR,Portugal,pop rock,Group,1980-09-01,,false,Unknown
xavi ,Unknown,"",Person,,,false,Unknown
Chris Rea,United Kingdom,blues,Person,1951-03-04,,false,United Kingdom
"Murta, Jüra",Portugal,"",Person,,,false,Unknown
Matt Simons,United States,"",Person,1987-02-20,,false,United States of America
"Richie Campbell, Van Zee",Germany,classical,Person,1770-12-17,1827-03-26,true,Portugal
Silence 4,Portugal,"",Group,1995-01-01,,false,Unknown
Capitão Fausto,Portugal,"",Group,,,false,Unknown
Latte,Italy,"",Group,1997-01-01,,false,Unknown
Miguel Luz,Spain,rock,Person,1958-11-11,,false,Unknown
"Usher, Beyoncé, Alicia Keys, JD",United States,contemporary r&b,Person,1981-01-25,,false,United States of America
Aragão,Brazil,mpb,Person,1949-01-03,,false,Brazil
Lamb,United Kingdom,trip hop,Group,1996-01-01,,false,Unknown
Gavin Rossdale,United Kingdom,british,Person,1965-10-30,,false,United Kingdom
"Rita Rocha, Bárbara Tinoco",Unknown,"",Person,1998-11-16,,false,Brazil
CALUM SCOTT,United Kingdom,lgbtqi,Person,1988-10-12,,false,United Kingdom
Alec Benjamin,United Kingdom,classical,Person,1913-11-22,1976-12-04,true,United States of America
"JACOB COLLER, SHAWN MENDES, STORMZY",Canada,pop,Person,1998-08-08,,false,Unknown
André Amaro,Unknown,"",Group,1986-01-01,,false,Portugal
Dave Matthews Band,United States,rock,Group,1991-01-01,,false,Unknown
SEAL,United Kingdom,pop,Person,1963-02-19,,false,Unknown
GLADYS KNIGHT,United States,soul,Person,1944-05-28,,false,United States of America
Ban,Portugal,"",Group,1981-01-01,,true,Unknown
"metro boomin, the weeknd, 21 savage ",Canada,r&b,Person,1990-02-16,,false,Unknown
Simply Red,United Kingdom,blue-eyed soul,Group,1985-01-01,,false,Unknown
"PEDRO TEIXEIRA DA MOTA feat. LON3R JOHNY, RICHIE CAMPBELL, PLUTONIO, VAN ZEE, PROFJAM & LHAST",Portugal,"",Person,1994-03-22,,false,Unknown
Justin Quiles ,Puerto Rico,latin,Person,1990-03-29,,false,United States of America
Duran Duran,United Kingdom,new wave,Group,1978-01-01,,false,Unknown
Tems ,Nigeria,afrobeats,Person,1995-06-11,,false,Nigeria
karol g ,Germany,schlager,Person,1949-12-04,,false,Colombia
Jay Z ,United States,pop rap,Person,1969-12-04,,false,United States of America
MIGUEL LUZ,Spain,rock,Person,1958-11-11,,false,Unknown
LABRINTH [+] EMELI SANDE,United Kingdom,contemporary r&b,Person,1987-03-10,,false,United Kingdom
Lifehouse,United States,alternative rock,Group,1996-01-01,,false,Unknown
"Post Malone, Morgan Wallen",United States,country,Person,1993-05-13,,false,Unknown
SippinPurpp ,Portugal,"",Person,,,false,Unknown
ELLA HENDERSON,United Kingdom,pop,Person,1996-01-12,,false,United Kingdom
PROCOL HARUM,United Kingdom,progressive rock,Group,1967-01-01,2022-01-01,true,Unknown
GARY JULES,France,composer,Person,1842-05-12,1912-08-13,true,United States of America
S.PEDRO,"","","",,,,Brazil
AMBER MARK,United Kingdom,rock,Person,1949-08-12,,false,Unknown
ALL 4 ONE,Unknown,"",Group,,,false,Unknown
vasco palmeirim e manhas da comercial,United States,heartland rock,Group,1972-10-01,,false,Portugal
IVE & DAVID GUETTA,France,house,Person,1967-11-07,,false,Unknown
SIA and KYLIE MINOGUE,Australia,dance-pop,Person,1968-05-28,,false,Unknown
GNASH & OLIVIA OBRIEN,United States,"",Person,1999-11-26,,false,Unknown
BETTE MIDLER,United States,pop,Person,1945-12-01,,false,United States of America
ALISON MOYET,United Kingdom,pop,Person,1961-06-18,,false,France
"Bárbara Bandeira, Dillaz",Unknown,hip hop,Person,1991-05-04,,false,Unknown
ANITA BAKER,United States,jazz,Person,1929-12-23,1988-05-13,true,United States of America
TIM MOORE,United Kingdom,blues rock,Person,1952-04-04,2011-02-06,true,Unknown
Eminem ,United States,hip hop,Person,1972-10-17,,false,United States of America
Mick Jagger,United Kingdom,blues,Person,1943-07-26,,false,United Kingdom
Damien Rice,Ireland,folk,Person,1973-12-07,,false,Ireland
"Ariana Grande, Justin Bieber",Canada,pop,Person,1994-03-01,,false,Unknown
Mind da Gap ,Portugal,"",Group,,,false,Unknown
SIMON & GARFUNKEL,United States,folk rock,Group,1963-01-01,1970-01-01,true,Unknown
SIMPLY RED,United Kingdom,blue-eyed soul,Group,1985-01-01,,false,Unknown
NOBLE,United Kingdom,jazz,Group,,,true,Unknown
Bazzi,United States,pop,Person,1997-08-28,,false,United States of America
NAILL HORAN,Ireland,pop,Person,1993-09-13,,false,Unknown
"Paulo Gonzo, Lúcia Moniz",Portugal,pop rock,Person,1976-09-09,,false,Unknown
GRANDE PULSAR,France,progressive rock,Group,1974-01-01,,false,Unknown
PAUL MCCARTNEY,United Kingdom,pop,Person,1942-06-18,,false,United Kingdom
REO SPEEDWAGON,United States,rock,Group,1967-01-01,2025-01-01,true,Unknown
"Seu Jorge, Ana Carolina",Brazil,"",Person,1974-09-09,,false,Unknown
Piruka ,Portugal,"",Person,,,false,Portugal
"Bruno Mars, Anderson .Paak, Silk Sonic, Thundercat, Bootsy Collins",United States,funk,Person,1951-10-26,,false,Unknown
Camilo ,Spain,canción melódica,Person,1946-09-16,2019-09-08,true,Unknown
MARIAH CAREY,United States,pop,Person,1969-03-27,,false,United States of America
The Pussycat Dolls,United States,dance-pop,Group,2003-01-01,2021-01-01,true,Unknown
The Paper Kites,Australia,folk,Group,2010-01-01,,false,Unknown
Pop Smoke ,United States,hip hop,Person,1999-07-20,2020-02-19,true,United States of America
TATIANA DUARTE,Portugal,"",Person,1980-11-20,,false,Unknown
ROXY MUSIC,United Kingdom,art rock,Group,1971-01-01,,false,Unknown
SALVADOR SOBRAL,Portugal,jazz,Person,1989-12-28,,false,Portugal
KOOL & THE GANG,United States,funk,Group,1964-01-01,,false,Unknown
6ix9ine ,United States,hip hop,Person,1996-05-08,,false,United States of America
mariza,Portugal,world,Person,1973-12-16,,false,Portugal
Emeli Sandé,United Kingdom,contemporary r&b,Person,1987-03-10,,false,United Kingdom
Ashe,United States,indie folk,Person,1993-04-24,,false,Unknown
TOTO,United States,pop rock,Group,1977-01-01,,false,Unknown
VADO MAS KI AS & IVANDRO,Unknown,"",Person,,,false,Unknown
LIONEL RICHIE,United States,contemporary r&b,Person,1949-06-20,,false,United States of America
Música de Natal - 2023,Unknown,special purpose artist,Other,,,false,Brazil
OFENBACH feat. JUSTIN JESSO,United States,"",Person,,,false,Unknown
MICHAEL BUBLE,Canada,jazz,Person,1975-09-09,,false,Canada
"Stephen Sanchez, Em Beihold",United States,pop,Person,1999-01-21,,false,United States of America
Mos Def ,United Kingdom,hard rock,Group,1977-01-01,,false,United States of America
TAKE THAT,United Kingdom,pop,Group,1990-01-01,,false,Unknown
"Rag'n'Bone Man, Pink",Unknown,progressive rock,Group,1965-01-01,2014-01-01,true,United Kingdom
CHRIS DE BURG,United Kingdom,soft rock,Person,1948-10-15,,false,Ireland
Joana Almeirante,Unknown,"","",,,false,Unknown
Future ,United States,hip hop,Person,1983-11-20,,false,Unknown
"KAROL G., FEID, DFZM, OVY ON THE DRUMS, J BALVIN, MALUMA, BLESSED & RYAN CASTRO",Colombia,latin,Person,,,false,Unknown
"MATIAS DAMÁSIO, D.A.M.A.",Angola,kizomba,Person,1982-05-09,,false,Unknown
Ruth B.,United States,hip hop,Person,1989-08-17,,false,Canada
CHRISTOPHER CROSS,United States,soft rock,Person,1951-05-03,,false,United States of America
