track_title,artist_name,spotify_album,spotify_release_date,spotify_duration_ms,spotify_popularity,spotify_genres
Quando a Chuva Passar,Ivete Sangalo,As Super Novas,2005-01-01,246280,49,arrocha
BLANK SPACE,TAYLOR SWIFT,1989,2014-10-27,231826,69,pop
On Top of the World,Imagine Dragons,Night Visions (Deluxe),2012-09-04,189840,67,modern rock
REDRUM,21 SAVAGE,american dream,2024-01-12,270697,82,atl hip hop
SELFISH,JUSTIN TIMBERLAKE,Selfish,2024-01-25,229331,67,dance pop
Heaven,Cian Ducrot,Victory,2023-08-04,232944,44,irish pop
CARRO,BARBARA BANDEIRA FEAT. DILLAZ,Finda,2023-10-06,202624,56,portuguese pop
Chakras,Ivandro,Trovador,2024-02-16,195764,54,hip hop tuga
LOVE THE WAY YOU LIE,EMINEM feat. RIHANNA,Recovery,2010-06-18,263373,83,detroit hip hop
FOGO,SLOW J,Afro Fado,2023-11-24,170400,52,hip hop tuga
I FEEL IT COMING,THE WEEKND FT. DAFT PUNK,Karaoke Picks Vol. 26,2016-12-23,276451,5,karaoke
Lucid Dreams,Juice WRLD,Goodbye & Good Riddance,2018-12-10,239835,81,chicago rap
Let You Go,Richie Campbell,Heartbreak & Other Stories,2023-03-17,204320,45,hip hop tuga
O amor nunca acaba,Diana Castro,O Amor Nunca Acaba,2023-11-17,193626,21,musica portuguesa contemporanea
Unholy,Sam Smith,Unholy (feat. Kim Petras),2022-09-22,156943,77,pop
The Zephyr Song,Red Hot Chili Peppers,By the Way (Deluxe Edition),2002-07-09,231933,71,alternative rock
I SEE FIRE,ED SHEERAN,x (10th Anniversary Edition),2024-06-21,299146,68,pop
DANCING IN THE FLAMES,THE WEEKND,Dancing In The Flames,2024-09-13,220036,85,canadian contemporary r&b
"BOA SORTE, GOOD LUCK",VANESSA DA MATA [+] BEN HARPER,Sim,2007-01-01,235600,62,mpb
Lunch,Billie Eilish,HIT ME HARD AND SOFT,2024-05-17,179586,87,art pop
ESPRESSO,SABRINA CARPENTER,Espresso,2024-04-12,175459,92,pop
Na Escola,Os Quatro e Meia,Os Quatro e Meia - Ao Vivo no Estádio Cidade de Coimbra,2023-11-24,312750,20,portuguese folk
This Love,Maroon 5,Songs About Jane: 10th Anniversary Edition,2002-01-01,206200,82,pop
One Kiss,Calvin Harris,One Kiss (with Dua Lipa),2018-04-06,214846,78,dance pop
TA TUDO BEM,T-REX,COR D'ÁGUA,2023-01-20,272637,53,hip hop tuga
SINCERO,MURTA,Sincero,2024-05-10,124823,33,hip hop tuga
Physical,Dua Lipa,Future Nostalgia,2020-03-27,193829,75,dance pop
MARIA JOANA,"NUNO RIBEIRO, CALEMA, MARIZA",Maria Joana,2023-04-14,227807,55,portuguese pop
IF YOURE NOT THE ONE,DANIEL BEDINGFIELD,Gotta Get Thru This,2002-01-01,257160,48,europop
Under The Influence,Chris Brown,Indigo (Extended),2019-10-04,184613,84,r&b
PODE TENTAR,MANINHO,Pode Tentar,2021-05-28,155307,50,portuguese pop
BRUISES,LEWIS CAPALDI,Divinely Uninspired To A Hellish Extent,2019-05-17,220492,78,pop
Stay,The Kid Laroi,F*CK LOVE 3+: OVER YOU,2021-07-27,141805,82,australian hip hop
SHAKE IT OFF,TAYLOR SWIFT,1989,2014-10-27,219200,68,pop
Too Sweet,Hozier,Unreal Unearth: Unaired,2024-08-19,251424,78,irish singer-songwriter
TU AMOR,"MATIAS DAMÁSIO, CARLOS RIVERA",Tu Amor,2024-02-23,233508,39,kizomba
DESLIZA,ANA MOURA,Desliza,2024-09-19,160600,48,fado
FICA,DOMINGUES,Fica,2020-05-10,260571,51,hip hop tuga
VAI VAGUEAR,BIA CABOZ,Vai Vaguear,2024-09-27,210989,27,""
La Noche de Anoche,Bad Bunny,EL ÚLTIMO TOUR DEL MUNDO,2020-11-27,203200,74,reggaeton
Another Love,Tom Odell,Long Way Down (Deluxe),2013-06-24,244360,86,chill pop
NOITE,IVANDRO & VITOR KLEY,Trovador,2024-02-16,206522,49,hip hop tuga
Unbelievable,Craig David,The Story Goes...,2005-09-06,202186,48,british soul
EVERYBODYS CHANGING,KEANE,Hopes And Fears,2004-01-01,215160,64,neo mellow
RUNAWAY,ONEREPUBLIC,Artificial Paradise (Deluxe),2024-07-12,145031,61,piano rock
EMBRACE IT,NDOTZ,Embrace It,2024-08-23,104418,88,chill drill
Bam Bam,"Camila Cabello, Ed Sheeran",Familia,2022-04-07,206070,69,dance pop
Bom Dia,"Bluay, Irina Barros",Bom Dia,2024-09-19,195529,45,trap tuga
SHIVERS,ED SHEERAN,=,2021-10-25,207853,82,pop
I FOLLOW RIVERS (THE MAGICIAN REMIX),LYKKE LI,I Follow Rivers (The Magician Remix),2011-10-10,280069,69,art pop
FANTASMA,ANA LAURA LOPES,Era uma vez,2024-08-09,145996,66,viral pop brasileiro
Turn Me On,Norah Jones,Come Away With Me (Super Deluxe Edition),2002-02-26,154800,69,contemporary vocal jazz
Tempo,FrankieontheGuitar,Tempo,2020-02-28,250169,52,hip hop tuga
Someone You Loved,Lewis Capaldi,Divinely Uninspired To A Hellish Extent,2019-05-17,182160,86,pop
It Could Have Been Us,"Christopher, Griff",It Could Have Been Us (feat. Griff),2024-09-13,170412,56,danish pop
"I Love You, I'm Sorry",Gracie Abrams,The Secret of Us,2024-06-21,157146,90,alt z
TOQUE-TOQUE,DA WEASEL,"Amor, Escárnio E Maldizer",2007-03-30,292080,31,hip hop tuga
Dançarina,Pedro Sampaio,"DANÇARINA (feat. Nicky Jam, MC Pedrinho) [Remix]",2022-06-10,212000,61,funk carioca
Até Ao Fim,Maninho,Até ao Fim,2023-11-03,204884,53,portuguese pop
CLOCKS,COLDPLAY,A Rush of Blood to the Head,2002-08-27,307879,82,permanent wave
Free Fallin' [live],John Mayer,Where the Light Is: John Mayer Live In Los Angeles,2008-01-01,263573,68,neo mellow
Chamadas,Ivandro,Trovador,2024-02-16,155456,53,hip hop tuga
Stuck with U,Ariana Grande,Stuck with U,2020-05-08,228482,78,pop
HEAD DOWN,LOST FREQUENCIES & BASTILLE,All Stand Together,2023-11-10,173888,62,belgian edm
Infinity,Jaymes Young,Feel Something,2017-06-23,237720,76,indie poptimism
Sei Lá,Bárbara Tinoco,"Bárbara,",2021-10-21,202453,44,portuguese pop
Luna,Feid,FERXXOCALIPSIS,2023-12-01,196800,88,colombian pop
Good 4 U,Olivia Rodrigo,SOUR,2021-05-21,178146,82,pop
You Give Me Something,James Morrison,Undiscovered,2006-01-01,212933,50,neo mellow
NOVIDADE NA AREA,MC LIVINHO & DJ MATT D,Novidade na Área,2023-06-23,120014,65,funk carioca
CORDAPELE,SLOW J,Afro Fado,2023-11-24,178815,50,hip hop tuga
Leave the Door Open,Silk Sonic,An Evening With Silk Sonic,2021-11-11,242096,78,dance pop
ON TOP OF THE WORLD,IMAGINE DRAGONS,Night Visions (Deluxe),2012-09-04,189840,67,modern rock
Days Like This,Dermot Kennedy,Without Fear (The Complete Edition),2020-11-06,149803,60,folk-pop
Whatever It Takes,Imagine Dragons,Evolve,2017-06-23,201240,81,modern rock
All My Love,Coldplay,Moon Music,2024-10-04,222647,75,permanent wave
O TEU CHEIRO,BISPO,O Teu Cheiro,2024-10-11,170290,57,hip hop tuga
Agarra em Mim,"Ana Moura, Pedro Mafama",Casa Guilhermina,2022-11-11,207944,43,fado
HEARTLESS,THE WEEKND,After Hours,2020-03-20,198266,77,canadian contemporary r&b
THE REASON,HOOBASTANK,The Reason (20th Anniversary),2024-01-12,232800,79,alternative metal
JURO,JOANA OLIVEIRA,Juro,2022-09-16,210700,34,""
Seya,Gims,Seya,2023-10-06,188484,73,""
WHAT WAS I MADE FOR,BILLIE EILISH,"What Was I Made For? [From The Motion Picture ""Barbie""]",2023-07-13,222369,85,art pop
Popular,The Weeknd,Popular (Music from the HBO Original Series),2023-06-02,215466,83,canadian contemporary r&b
ARE YOU WITH ME,LOST FREQUENCIES,Less Is More,2016-10-21,138013,68,belgian edm
BRUTOS DIAMANTES,"SYRO, BISPO",11 11,2023-11-11,176320,56,portuguese pop
Uprising,Muse,The Resistance,2009-09-10,304840,74,alternative rock
The Door,Teddy Swims,I've Tried Everything But Therapy (Part 1),2023-09-15,212648,86,""
Airplanes,B.o.B.,B.o.B Presents: The Adventures of Bobby Ray,2010-04-27,180480,74,atl hip hop
Sweet about Me,Gabriella Cilmi,Lessons To Be Learned,2008-01-01,202026,39,australian pop
Water,Tyla,Water,2023-07-28,200255,84,""
A Bar Song (Tipsy),Shaboozey,A Bar Song (Tipsy),2024-04-12,171291,87,modern country pop
Even,Richie Campbell,IT WILL HURT BOTH WAYS,2024-06-14,187869,60,hip hop tuga
HERO,NELSON FREITAS,Black Butterfly,2024-02-23,206657,40,kizomba
AMAR DE COR,VAN ZEE,do.mar,2023-12-01,165424,55,hip hop tuga
SITTIN ON THE DOCK OF THE BAY,MICHAEL BOLTON,The Hunger,1987-10-06,231240,36,soft rock
Boulevard of Broken Dreams,Green Day,Greatest Hits: God's Favorite Band,2017-11-17,262333,70,modern rock
PAINT THE TOWN RED,DOJA CAT,Paint The Town Red,2023-08-04,231750,79,dance pop
CASA,"D.A.M.A., BUBA ESPINHO",CASA,2022-11-25,208484,51,portuguese pop
Devolva-me [ao vivo],Adriana Calcanhotto,Público,2000-04-17,131426,58,bossa nova
GHOST TOWN,BENSON BOONE,Fireworks & Rollerblades,2024-04-05,193733,76,singer-songwriter pop
Austin,Dasha,What Happens Now?,2024-02-16,171782,88,""
I ADORE YOU,"HUGEL, TOPIC, ARASH",I Adore You (feat. Daecolm),2024-07-19,214000,84,deep house
ITS NOT RIGHT (BUT ITS OK),MR. BELT & WEZOL,It's Not Right But It's Okay,2024-02-23,152304,79,dutch edm
This Is the Last Time,Keane,Hopes And Fears,2004-01-01,207986,50,neo mellow
VIVA LA VIDA,COLDPLAY,Viva La Vida or Death and All His Friends,2008-05-26,242373,86,permanent wave
Everlasting Love,Jamie Cullum,Twentysomething,2003-10-20,201026,50,contemporary vocal jazz
Footprints In The Sand,Leona Lewis,Spirit,2007-01-01,247440,47,british soul
End Of Beginning,Djo,DECIDE,2022-09-16,159245,89,pov: indie
DISTURBIA,RIHANNA,Good Girl Gone Bad: Reloaded,2008-06-02,238626,78,barbadian pop
BABY,JUSTIN BIEBER,My World 2.0,2010-01-01,214240,81,canadian pop
RAINHA DA FINESSE,WIU,Vagabundo de Luxo,2024-07-10,166153,73,trap brasileiro
Castle on the Hill,Ed Sheeran,÷ (Deluxe),2017-03-03,261153,78,pop
Roxanne,Arizona Zervas,ROXANNE,2019-10-10,163636,72,indie pop rap
Fall for You,Leela James,Fall For You,2014-07-08,201813,47,neo soul
MON AMOUR (REMIX),ZZOILO & AITANA,Mon Amour (Remix),2021-08-18,179940,74,latin pop
Music Sessions Vol 52,Bizarrap,"Quevedo: Bzrp Music Sessions, Vol. 52",2022-07-06,198937,80,argentine hip hop
WATERMELON SUGAR,HARRY STYLES,Fine Line,2019-12-13,174000,82,pop
Amigos Coloridos,Bandidos do Cante,Amigos Coloridos,2024-07-12,224478,45,""
EASY ON ME,ADELE,30,2021-11-19,224694,83,british soul
Love Generation,Bob Sinclar,Love Generation (Edit),2005-06-20,204105,69,disco house
Envolver,Anitta,Versions of Me,2022-04-12,193805,68,funk pop
END OF BEGINNING,DJO,DECIDE,2022-09-16,159245,89,pov: indie
Só Fé,Grelo,É o Grelo,2024-07-19,203337,79,""
ROCKABYE,CLEAN BANDIT feat. SEAN PAUL & ANNE-MARIE,What Is Love? (Deluxe Edition),2018-11-30,251173,74,pop
Cuff It,Beyoncé,RENAISSANCE,2022-07-29,225388,74,pop
CRISTALIZA,BÁRBARA BANDEIRA,Finda,2023-10-06,180468,40,portuguese pop
CRISTALIZA,BARBARA BANDEIRA,Finda,2023-10-06,180468,40,portuguese pop
Happier,Marshmello,Happier,2018-08-17,214289,82,brostep
ROLLING IN THE DEEP,ADELE,21,2011-01-24,228093,77,british soul
Wildflower,Billie Eilish,HIT ME HARD AND SOFT,2024-05-17,261466,91,art pop
HOUDINI,EMINEM,Houdini,2024-05-31,227239,82,detroit hip hop
Tequila,Nenny,Tequila - A COLORS SHOW,2021-01-25,199376,36,hip hop tuga
YONAGUNI,BAD BUNNY,Yonaguni,2021-06-04,206710,75,reggaeton
Espresso,Sabrina Carpenter,Espresso,2024-04-12,175459,92,pop
Sometimes,Julinho Ksd,Sometimes,2024-09-13,240000,48,hip hop tuga
Rainha Da Finesse,Wiu,Vagabundo de Luxo,2024-07-10,166153,73,trap brasileiro
FLOATING,RICHIE CAMPBELL,Floating,2022-06-24,186529,34,hip hop tuga
Save the World,Swedish House Mafia,Save The World,2011-05-13,213337,64,edm
My Universe,"Coldplay, BTS",Music Of The Spheres,2021-10-15,226198,74,permanent wave
OBEAH ME,RICHIE CAMPBELL,Obeah Me,2024-03-15,148187,31,hip hop tuga
Carta [acústico],Tiago Bettencourt,Acústico,2012-01-01,294746,34,fado
Peito,HMB,+,2017-02-10,239902,28,portuguese pop
CARRY YOU HOME,ALEX WARREN,Carry You Home,2024-05-31,166880,78,gen z singer-songwriter
Lullaby,Shawn Mullins,Soul's Core,1998-04-24,329866,41,pop rock
NADA MUDA,MATHEUS PARAIZO,Nada muda,2024-07-12,146896,14,""
IDGAF,Dua Lipa,Dua Lipa (Deluxe),2017-06-02,217946,77,dance pop
DIE FOR YOU,THE WEEKND,Starboy,2016-11-24,260253,84,canadian contemporary r&b
DONT START NOW,DUA LIPA,Future Nostalgia,2020-03-27,183290,82,dance pop
ALMA NUA,VAN ZEE,do.mar,2023-12-01,205637,56,hip hop tuga
Noite,"Ivandro, Vitor Kley",Trovador,2024-02-16,206522,49,hip hop tuga
PLEASE PLEASE PLEASE,SABRINA CARPENTER,Please Please Please,2024-06-06,186365,90,pop
NEVER BE LONELY,JAX JONES & ZOE WEES,Never Be Lonely,2024-02-09,134570,68,dance pop
A Vida Toda,Carolina Deslandes,Casa,2018-04-20,246178,42,portuguese pop
HIGH HOPES,PANIC! AT THE DISCO,Pray for the Wicked,2018-06-22,190946,79,pop
SLOWLY,RICHIE CAMPBELL,Lisboa,2017-12-21,264105,40,hip hop tuga
"3,14",Sam the Kid,"3,14",2021-04-19,324763,52,hip hop tuga
COUNTING STARS,ONEREPUBLIC,Native,2013-01-01,257265,85,piano rock
In the Stars,Benson Boone,Fireworks & Rollerblades,2024-04-05,216410,81,singer-songwriter pop
Bad Habits,Ed Sheeran,=,2021-10-25,230746,80,pop
Si Antes Te Hubiera Conocido,Karol G,Si Antes Te Hubiera Conocido,2024-06-21,195824,94,reggaeton
ACORDA PEDRINHO,JOVEM DIONISIO,"Acorda, Pedrinho",2022-03-24,173085,54,indie curitibano
LOVE YOURSELF,JUSTIN BIEBER,Purpose (Deluxe),2015-11-13,233720,83,canadian pop
Sweetest Pie,Megan Thee Stallion,Traumazine,2022-08-12,201334,64,houston rap
O Tempo Vai Esperar,Os Quatro e Meia,O Tempo Vai Esperar,2020-09-25,223693,46,portuguese folk
SAIA DA CAROLINA,CAROLINA DESLANDES,CAOS,2023-03-10,157349,46,portuguese pop
Capicuas,Rita Rocha,Capicuas,2024-10-10,158733,33,""
BENÇÃO,"MIZZY MILES, VAN ZEE, BISPO",Bênção,2024-03-01,205934,62,hip hop tuga
MURDERGRAM DEUX,LL COOL J feat. EMINEM,Murdergram Deux,2024-08-30,185456,67,east coast hip hop
Planeta,"Bispo, Bárbara Tinoco",Planeta,2023-03-24,167012,56,hip hop tuga
SI ANTES TE HUBIERA CONOCIDO,KAROL G.,Si Antes Te Hubiera Conocido,2024-06-21,195824,94,reggaeton
FOR CRYIN OUT LOUD,FINNEAS,For Cryin' Out Loud!,2024-10-04,217240,69,alt z
Cupid,FIFTY FIFTY,The Beginning,2023-09-22,174116,76,k-pop girl group
Rockstar,Post Malone,beerbongs & bentleys,2018-04-27,218146,80,dfw rap
ADORE YOU,HARRY STYLES,Fine Line,2019-12-13,207133,79,pop
BURNING DOWN,ALEX WARREN,Burning Down,2024-09-20,179437,75,gen z singer-songwriter
BELONG TOGETHER,MARK AMBOR,Belong Together,2024-02-16,148317,83,singer-songwriter pop
greedy,Tate McRae,greedy,2023-09-15,131872,86,pop
Glimpse of Us,Joji,Glimpse of Us,2022-06-10,233456,77,viral pop
Mask Off,Future,FUTURE,2017-06-30,204600,81,atl hip hop
I'll Be Waiting,Cian Ducrot,Victory,2023-08-04,172547,66,irish pop
THE BLOWERS DAUGHTER,DAMIEN RICE,O,2003-06-03,286653,49,acoustic pop
You Found Me,The Fray,The Fray,2009-02-02,241853,74,neo mellow
What I've Done,Linkin Park,Minutes to Midnight,2007-05-14,205226,81,alternative metal
MOVE,ADAM PORT,Move,2024-06-07,177598,87,melodic house
"SHAKIRA: BZRP MUSIC SESSIONS, VOL. 53",BIZARRAP & SHAKIRA,"Shakira: Bzrp Music Sessions, Vol. 53",2023-01-11,214945,77,argentine hip hop
Levitating,Dua Lipa,Future Nostalgia,2020-03-27,203064,78,dance pop
Flowers,Miley Cyrus,Endless Summer Vacation,2023-08-18,200600,87,pop
"Yes, And?",Ariana Grande,eternal sunshine,2024-03-08,214994,76,pop
Shivers,Ed Sheeran,=,2021-10-25,207853,82,pop
YOUR SONG,ELTON JOHN,Elton John,1970-04-10,241786,79,glam rock
BUSSOLA,NENNY,Aura,2020-03-02,272577,37,hip hop tuga
HERE WITHOUT YOU,3 DOORS DOWN,Away From The Sun,2002-11-12,238733,75,alternative metal
ALL OF THE GIRLS YOU LOVED BEFORE,TAYLOR SWIFT,All Of The Girls You Loved Before,2019-08-23,221407,73,pop
GET HIM BACK!,OLIVIA RODRIGO,GUTS,2023-09-08,211141,76,pop
JUST CANT GET ENOUGH,BLACK EYED PEAS,The Beginning,2010-01-01,219426,76,dance pop
Don't Start Now,Dua Lipa,Future Nostalgia,2020-03-27,183290,82,dance pop
ONLY YOU,FLYING PICKETS,Lost Boys,1984-01-01,203333,49,classic uk pop
Seven,Jung Kook,GOLDEN,2023-11-03,183550,85,k-pop
"YES, AND?",ARIANA GRANDE,eternal sunshine,2024-03-08,214994,76,pop
Who,Jimin,MUSE,2024-07-19,170887,92,k-pop
TODO DE TI,RAUW ALEJANDRO,VICE VERSA,2021-12-10,199604,79,puerto rican pop
Love The Hell Out Of You,Lewis Capaldi,Broken By Desire To Be Heavenly Sent,2023-05-19,205080,69,pop
MUSK,FINGERTIPS,Musk,2024-10-25,215000,33,portuguese rock
Skyfall,Adele,Skyfall,2012-10-04,286480,84,british soul
Morena,Luan Santana,MORENA,2021-06-17,193221,61,arrocha
If I Ain't Got You,Alicia Keys,The Diary Of Alicia Keys,2003-12-02,228706,82,neo soul
MR.SAXOBEAT,ALEXANDRA STAN,Saxobeats,2011-10-25,195105,63,romanian pop
LUCID DREAMS,JUICE WRLD,Goodbye & Good Riddance,2018-12-10,239835,81,chicago rap
She Will Be Loved,Maroon 5,Songs About Jane: 10th Anniversary Edition,2002-01-01,259453,80,pop
Alibi,Sevdaliza,Alibi (with Pabllo Vittar & Yseult),2024-06-28,161655,68,alternative r&b
Counting Stars,OneRepublic,Native,2013-01-01,257265,85,piano rock
GRENADE,BRUNO MARS,Doo-Wops & Hooligans,2010-05-11,222091,76,dance pop
Million Dollar Baby,Tommy Richman,MILLION DOLLAR BABY,2024-04-26,155151,89,chill abstract hip hop
Força (Uma Página de História),Da Weasel,Re-Definições,2004-06-11,174160,40,hip hop tuga
"Good Luck, Babe!",Chappel Roan,"Good Luck, Babe!",2024-04-05,218423,94,indie pop
DAKITI,BAD BUNNY & JHAY CORTEZ,EL ÚLTIMO TOUR DEL MUNDO,2020-11-27,205090,76,reggaeton
So Sick,Ne-Yo,In My Own Words,2006-01-01,207186,78,dance pop
UNFORGETTABLE,FRENCH MONTANA feat. SWAE LEE,Unforgettable (feat. Swae Lee) [Latin Remix],2017-07-31,214000,45,hip hop
Demons,Imagine Dragons,Night Visions,2012-09-04,175200,73,modern rock
Dirty,"Jessie Murph, Teddy Swims",That Ain't No Man That's The Devil,2024-09-06,173361,69,modern country pop
Empire State of Mind,"Jay Z, Alicia Keys",The Blueprint 3,2009-09-08,276920,80,east coast hip hop
DANCE THE NIGHT,DUA LIPA,Dance The Night (From Barbie The Album),2023-05-25,176579,80,dance pop
MERCY,SHAWN MENDES,Illuminate (Deluxe),2017-04-20,208733,78,canadian pop
Cheap Thrills,Sia,This Is Acting (Deluxe Version),2016-10-21,211666,67,pop
MY LOVE MINE ALL MINE,MITSKI,The Land Is Inhospitable and So Are We,2023-09-15,137773,88,brooklyn indie
Chamada não atendida,Bárbara Tinoco,Bichinho,2023-04-21,207173,49,portuguese pop
Melhor de Mim,Mariza,Mundo,2016-09-09,246813,21,fado
The Reason,Hoobastank,The Reason (20th Anniversary),2024-01-12,232800,79,alternative metal
TEXAS HOLD 'EM,Beyoncé,COWBOY CARTER,2024-03-29,233456,73,pop
Se Eu Não Te Amasse tanto Assim,Ivete Sangalo,Ivete Sangalo,1999-01-01,249440,48,arrocha
Con Altura,Rosalía,Con Altura,2019-03-28,161626,70,pop
SOMETIMES,JULINHO KSD,Sometimes,2024-09-13,240000,48,hip hop tuga
Out of Reach,Gabrielle,Rise,2001-01-01,196986,65,british soul
Speed of Sound,Coldplay,X&Y,2005-06-07,287906,71,permanent wave
CRAZY,GNARLS BARKLEY,St. Elsewhere,2006-05-02,182066,71,atl hip hop
Era Noite De Lua Cheia,Luís Trigacheiro,Era Noite de Lua Cheia,2024-05-09,226088,34,fado
BE ALRIGHT,JOEL CORRY,Be Alright,2024-10-25,155697,51,dance pop
AMIGOS COLORIDOS,BANDIDOS DO CANTE,Amigos Coloridos,2024-07-12,224478,45,""
MILLION DOLLAR BABY,TOMMY RICHMAN,MILLION DOLLAR BABY,2024-04-26,155151,89,chill abstract hip hop
Diet Pepsi,Addison Rae,Diet Pepsi,2024-08-09,169697,88,social media pop
CORACAO,JURA,sortaminha,2024-05-16,163111,19,portuguese pop
Always,Gavin James,Only Ticket Home,2018-10-26,247842,41,irish pop
UNWRITTEN,NATASHA BEDINGFIELD,Unwritten,2004-08-30,259333,86,dance pop
CELESTIAL,ED SHEERAN,Celestial,2022-09-29,209026,67,pop
The Nights,Avicii,The Days / Nights,2014-01-01,176658,82,dance pop
BEAUTIFUL THINGS,BENSON BOONE,Fireworks & Rollerblades,2024-04-05,180304,89,singer-songwriter pop
ENVOLVER,ANITTA,Versions of Me,2022-04-12,193805,68,funk pop
Sagrado Profano,Luísa Sonza,Escândalo Íntimo,2024-05-28,196601,72,funk carioca
WATER,TYLA,Water,2023-07-28,200255,84,""
Bad Guy,Billie Eilish,"WHEN WE ALL FALL ASLEEP, WHERE DO WE GO?",2019-03-29,194087,81,art pop
Se Eu,"Fernando Daniel, Melim",Presente,2020-07-10,196400,47,portuguese pop
TEU OLHAR,MATIAS DAMÁSIO,Augusta,2018-10-26,239856,48,kizomba
KISS ME MORE,"DOJA CAT, SZA",Planet Her,2021-06-25,208666,80,dance pop
WHAT LOVERS DO,"MAROON 5, SZA",Red Pill Blues (Deluxe),2018-06-15,199849,65,pop
You're Gonna Live Forever in Me,John Mayer,The Search for Everything,2017-04-14,190013,68,neo mellow
In the Waiting Line,Zero 7,Simple Things,2001-01-01,271520,59,downtempo
MADE FOR ME,MUNI LONG,Made For Me,2023-09-15,188000,71,indie r&b
BEGGIN,MANESKIN,Chosen,2017-12-08,211560,82,indie rock italiano
Are You with Me,Lost Frequencies,Less Is More,2016-10-21,138013,68,belgian edm
Lonely,"Justin Bieber, Benny Blanco",Justice,2021-03-19,149189,73,canadian pop
Conexões de Máfia,Matuê,Conexões de Máfia (feat. Rich The Kid),2023-04-30,221538,67,r&b brasileiro
MOCA,IVANDRO,Trovador,2024-02-16,180491,53,hip hop tuga
SHAPE OF YOU,ED SHEERAN,÷ (Deluxe),2017-03-03,233712,85,pop
Kill Bill,SZA,SOS,2022-12-08,153946,86,pop
Lose Control,Teddy Swims,I've Tried Everything But Therapy (Part 1),2023-09-15,210688,89,""
Old Town Road [remix],Lil Nas X,7 EP,2019-06-21,157066,72,lgbtq+ hip hop
Luxemburgo,Plutónio,Luxemburgo,2024-10-01,211860,53,hip hop tuga
Skin,Rag'n'Bone Man,Human (Deluxe),2017-02-10,239626,66,neo soul
COMO TU,BARBARA BANDEIRA feat. IVANDRO,Finda,2023-10-06,207873,51,portuguese pop
LUA,IVANDRO,Trovador,2024-02-16,192417,57,hip hop tuga
À Vontade,ProfJam,#FFFFFF,2019-02-22,336528,42,hip hop tuga
BAD HABITS,ED SHEERAN,=,2021-10-25,230746,80,pop
Put a little Love on Me,Niall Horan,Heartbreak Weather,2020-03-13,224585,65,pop
Industry Baby,Lil Nas X,INDUSTRY BABY (feat. Jack Harlow),2021-07-23,212000,73,lgbtq+ hip hop
Lua,Ivandro ,Trovador,2024-02-16,192417,57,hip hop tuga
AS VEZES,D.A.M.A,Uma Questão de Principio,2015-06-02,223013,38,portuguese pop
POCPOC,Pedro Sampaio,POCPOC,2023-11-23,127384,67,funk carioca
Clocks,Coldplay,A Rush of Blood to the Head,2002-08-27,307879,82,permanent wave
Addicted to You,Avicii,True,2013-01-01,148386,71,dance pop
DNA (LOVIN YOU),BILLY GILLIES feat. HANNAH BOLEYN,DNA (Loving You) [feat. Hannah Boleyn],2023-07-28,164919,66,bouncy house
ROMANCE DE CINEMA,DOMINGUES,Romance de Cinema,2020-11-20,235862,50,hip hop tuga
AGORA HILLS,DOJA CAT,Scarlet,2023-09-20,265360,76,dance pop
Grenade,Bruno Mars,Doo-Wops & Hooligans,2010-05-11,222091,76,dance pop
GIMME LOVE,SIA,Gimme Love,2023-09-13,177921,65,pop
HEY BROTHER,AVICII,True,2013-01-01,255093,76,dance pop
First Class,Jack Harlow,Come Home The Kids Miss You,2022-05-06,173947,72,deep underground hip hop
LAST FRIDAY NIGHT (T.G.I.F.),KATY PERRY,Teenage Dream,2010-01-01,230733,74,pop
THE TRAVELLER,CHRIS DE BURGH,Best Moves,1981-01-01,250533,26,new wave pop
BUBALU,FEID & REMA,"MOR, No Le Temas a La Oscuridad",2023-09-29,228186,66,colombian pop
Bad Dreams,Teddy Swims,Bad Dreams,2024-09-13,184577,83,""
Can't Hold Us,"Macklemore & Ryan Lewis, Ray Dalton",The Heist,2012-10-09,258431,82,pop rap
DEVIA IR,WET BED GANG,Devia Ir,2018-07-20,293748,57,hip hop tuga
Saudade,"Miguel Araújo, Os Quatro e Meia",Saudade,2024-03-08,248880,43,portuguese pop
Todo de Ti,Rauw Alejandro,VICE VERSA,2021-12-10,199604,79,puerto rican pop
LET HER GO,PASSENGER,All The Little Lights,2012-08-28,252733,72,folk-pop
Europa,Mizzy Miles,EUROPA (feat. Gson),2022-06-01,216800,51,hip hop tuga
Bam Bam,Camila Cabello,Familia,2022-04-07,206070,69,dance pop
Kiss Me More,Doja Cat,Planet Her,2021-06-25,208666,80,dance pop
QUERO É VIVER,SARA CORREIA,+ Do Coração,2022-03-25,218160,39,fado
BEAUTIFUL GIRLS,SEAN KINGSTON,Beautiful Girls,2007-07-23,225373,77,dance pop
DANCARINA,PEDRO SAMPAIO feat. MC PEDRINHO,"DANÇARINA (feat. Nicky Jam, MC Pedrinho) [Remix]",2022-06-10,212000,61,funk carioca
SEM TI,SLOW J,Afro Fado,2023-11-24,155614,52,hip hop tuga
I'm with You,Avril Lavigne,Let Go,2002-06-04,223066,75,canadian pop
STARGAZING,MYLES SMITH,Stargazing,2024-05-10,172533,89,singer-songwriter pop
ROCK YOUR BODY,JUSTIN TIMBERLAKE,Justified,2002-11-04,267266,78,dance pop
UNCONDITIONALLY,KATY PERRY,PRISM,2013-01-01,228878,75,pop
Mirrors,Justin Timberlake,The 20/20 Experience (Deluxe Version),2013-03-15,484146,79,dance pop
The City is a Jungle,Fumaxa,The City is a Jungle,2020-11-13,265384,38,hip hop tuga
SHE WILL BE LOVED,MAROON 5,Songs About Jane: 10th Anniversary Edition,2002-01-01,259453,80,pop
"","",Artist 2.0,2020-02-14,188563,57,melodic rap
She Used to Be Mine,Sara Bareilles,What's Inside: Songs from Waitress,2015-11-06,250266,60,acoustic pop
LEAVE THE DOOR OPEN,"BRUNO MARS & ANDERSON PAAK, SILK SONIC",An Evening With Silk Sonic,2021-11-11,242096,78,dance pop
"Ela Não Sabe, Pois Não?",Bárbara Tinoco,Bichinho (para onde vai o amor?),2024-05-31,185386,53,portuguese pop
Arcade [remix],"Duncan Laurence, Fletcher",Arcade (Sam Feldt Remix),2021-04-23,187453,18,dutch pop
Dentro da Hilux,Luan Pereira,DENTRO DA HILUX,2023-08-24,163013,67,agronejo
UMBRELLA,RIHANNA,Good Girl Gone Bad,2007-01-01,275986,70,barbadian pop
VOLTAS,FERNANDO DANIEL,Voltas,2018-10-12,228539,46,portuguese pop
Something just Like This,"The Chainsmokers, Coldplay",Memories...Do Not Open,2017-04-07,247160,86,pop
EARNED IT,THE WEEKND,Beauty Behind The Madness,2015-08-28,277680,71,canadian contemporary r&b
LIKE IM GONNA LOSE YOU,"MEGAN TRAINOR, JOHN LEGEND",Title (Deluxe),2015-01-09,225053,78,hip pop
Ride,Mike11,19.2k,2021-11-05,193200,38,hip hop tuga
CHAMADA NAO ATENDIDA,BARBARA TINOCO,Bichinho,2023-04-21,207173,49,portuguese pop
Nosso Quadro,AgroPlay,Agroplay Verão,2023-08-18,173698,65,agronejo
Tata,Slow J,Afro Fado,2023-11-24,159751,59,hip hop tuga
Rewrite the Stars,"James Arthur, Anne-Marie",Rewrite The Stars (with James Arthur & Anne-Marie),2018-10-25,218293,76,pop
TUYA,ROSALIA,TUYA,2023-06-08,154551,61,pop
DESIRE,CALVIN HARRIS & SAM SMITH,Desire (with Sam Smith),2023-07-28,179161,72,dance pop
CARRO,"BÁRBARA BANDEIRA, DILLAZ",Finda,2023-10-06,202624,56,portuguese pop
One Of The Girls,The Weeknd,The Idol Episode 4 (Music from the HBO Original Series),2023-06-23,244684,90,canadian contemporary r&b
LUNA,"FEID, ATL JACOB",FERXXOCALIPSIS,2023-12-01,196800,88,colombian pop
Love the Way You Lie (Part II),"Rihanna, Eminem",Loud,2010-11-16,296226,54,barbadian pop
Wonderful Life,Katie Melua,Ultimate Collection,2018-10-05,247706,65,uk pop
Creepin',Metro Boomin,HEROES & VILLAINS,2022-12-02,221520,81,rap
Peaches,Justin Bieber,Justice,2021-03-19,198081,78,canadian pop
SAVE A PRAYER,DURAN DURAN,Rio (Collector's Edition),1982-05-10,333306,61,album rock
Te Amo,Calema,Yellow,2020-02-07,258223,56,musica santomense
I HAVE NOTHING,WHITNEY HOUSTON,The Bodyguard - Original Soundtrack Album,1992-11-17,289160,73,dance pop
SI NO ESTÁS,IÑIGO QUINTERO,Si No Estás,2022-09-23,184061,80,""
Benção,"Mizzy Miles, Bispo, Van Zee",Bênção,2024-03-01,205934,62,hip hop tuga
Talvez...,Carolina de Deus,Dores de Crescimento,2023-05-12,184269,40,""
Chandelier,Sia,1000 Forms Of Fear (Deluxe Version),2015-05-04,216120,69,pop
Don't Be Shy,Tiesto,Don't Be Shy,2021-08-12,140500,71,big room
Paradise,Coldplay,Mylo Xyloto,2011-10-24,278719,81,permanent wave
Fallin',Alicia Keys,Songs In A Minor,2001-06-05,210200,76,neo soul
Carro,Bárbara Bandeira,Finda,2023-10-06,202624,56,portuguese pop
Chakras,"Ivandro, Julinho Ksd",Trovador,2024-02-16,195764,54,hip hop tuga
What Lovers Do,Maroon 5,Red Pill Blues (Deluxe),2018-06-15,199849,65,pop
ABOUT DAMN TIME,LIZZO,Special,2022-07-15,191937,70,escape room
Casa,"D.A.M.A., Buba Espinho",CASA,2022-11-25,208484,51,portuguese pop
Borboletas,Gama WNTD,Borboletas,2020-11-19,204281,51,hip hop tuga
Fortnight,"Taylor Swift, Post Malone",THE TORTURED POETS DEPARTMENT,2024-04-18,228965,85,pop
CAVALINHO,PEDRO SAMPAIO & GASPARZINHO,CAVALINHO,2024-01-25,138591,66,funk carioca
Crazy,Gnarls Barkley,St. Elsewhere,2006-05-02,182066,71,atl hip hop
Ao Teu Ouvido,"Buba Espinho, Bárbara Tinoco",Ao Teu Ouvido (feat. Bárbara Tinoco),2023-09-01,216706,41,tuna
All of Me,John Legend,Love In The Future (Expanded Edition),2013-08-30,269560,83,neo soul
NOT LIKE US,KENDRICK LAMAR,Not Like Us,2024-05-04,274192,89,conscious hip hop
PROBLEMAS DE UM MILIONARIO,WIU,Problemas de um Milionário,2024-04-10,144360,71,trap brasileiro
Friday [Dopamine re-edit],Riton,Friday (feat. Mufasa & Hypeman) [Dopamine Re-Edit],2021-01-15,169153,76,house
Use Somebody,Kings of Leon,Only By The Night,2008-09-23,230760,77,modern rock
Sacrifice,The Weeknd,Dawn FM,2022-01-06,188918,69,canadian contemporary r&b
Perfect,Ed Sheeran,÷ (Deluxe),2017-03-03,263400,85,pop
COMO ANTES,MATIAS DAMÁSIO,Como Antes,2022-03-25,224354,54,kizomba
BABY IM BACK,THE KID LAROI,THE FIRST TIME (DELUXE VERSION),2024-08-09,171243,83,australian hip hop
WHATEVER,KYGO & AVA MAX,Whatever,2024-01-19,178273,77,edm
The Sound of Silence,Disturbed,Immortalized,2015-08-14,248466,73,alternative metal
Goodbyes,Post Malone,Hollywood's Bleeding,2019-09-06,174853,74,dfw rap
WAVES,"MR. PROBZ, ROBIN SCHULZ",Waves (Robin Schulz Radio Edit),2014-02-07,208133,75,pop dance
Dialectos da Ternura,Da Weasel,"Amor, Escárnio E Maldizer",2007-03-30,247060,45,hip hop tuga
Cold Heart [Pnau remix],"Elton John, Dua Lipa",The Lockdown Sessions,2021-10-22,202735,67,glam rock
Paparazzi,Lady Gaga,The Fame,2008-01-01,208306,71,art pop
AMIGA DA MINHA MULHER,SEU JORGE,"Musica para Churrasco, Vol. 1",2011-10-01,248080,65,mpb
CHEAP THRILLS,SIA,This Is Acting (Deluxe Version),2016-10-21,211666,67,pop
O TEMPO VAI ESPERAR,OS QUATRO E MEIA,O Tempo Vai Esperar,2020-09-25,223693,46,portuguese folk
Shallow,"Lady Gaga, Bradley Cooper",A Star Is Born Soundtrack,2018-10-05,215733,82,art pop
LET YOU GO,RICHIE CAMPBELL,Heartbreak & Other Stories,2023-03-17,204320,45,hip hop tuga
SI ANTES TE HUBIERA CONOCIDO,KAROL G,Si Antes Te Hubiera Conocido,2024-06-21,195824,94,reggaeton
Montero (Call Me by Your Name),Lil Nas X,MONTERO,2021-09-17,137704,76,lgbtq+ hip hop
ESPERAVA MAIS DE TI,"BIANCA BARROS, NUNO LANHOSO, RITA ROCHA",Esperava Mais De Ti,2023-06-16,129600,29,portuguese pop
Contra Probabilidades,"Bispo, Julinho Ksd",Contra Probabilidades,2024-06-21,203082,54,hip hop tuga
HEAVEN,NIALL HORAN,The Show,2023-06-09,186043,71,pop
POCPOC,PEDRO SAMPAIO,POCPOC,2023-11-23,127384,67,funk carioca
Acordar,Plutónio,Acordar,2024-05-24,197862,56,hip hop tuga
MY UNIVERSE,"COLDPLAY, BTS",Music Of The Spheres,2021-10-15,226198,74,permanent wave
Sua Cara,Major Lazer,Major Lazer Essentials,2018-10-19,167310,44,dance pop
TATA,SLOW J,Afro Fado,2023-11-24,159751,59,hip hop tuga
Amigos,"Pablo Alborán, Maria Becerra",La cuarta hoja,2022-12-01,233755,62,latin arena pop
TASTE,SABRINA CARPENTER,Short n' Sweet,2024-08-23,157279,94,pop
Dores de Crescimento,"Carolina de Deus, António Zambujo",Dores de Crescimento,2023-05-12,216066,36,""
MAIS EU,BARBARA BANDEIRA,Finda,2023-10-06,164270,32,portuguese pop
HOLD MY HAND,LADY GAGA,"Hold My Hand (Music From The Motion Picture ""Top Gun: Maverick"")",2022-05-03,225300,67,art pop
Before I Lose My Voice,Richie Campbell,Before I Lose My Voice,2024-09-27,186483,55,hip hop tuga
TENHO DE PENSAR,PIKIKA,tenho de pensar,2024-06-07,199259,29,""
KISSES,BL3SS & CAMRINWATSIN feat. BBYCLOSE,Kisses (feat. bbyclose),2024-03-22,138246,83,""
ONE OF THE GIRLS,"THE WEEKND, JENNIE, LILY-ROSE DEPP",The Idol Episode 4 (Music from the HBO Original Series),2023-06-23,244684,90,canadian contemporary r&b
You Right,Doja Cat,Planet Her,2021-06-25,186173,75,dance pop
Preço Certo,Pedro Mafama,Estava No Abismo Mas Dei Um Passo Em Frente,2023-05-26,170558,45,portuguese indie
Sai Da Frente,Juliette,Ciclone,2023-08-25,167445,53,""
Lucky,Halsey,The Great Impersonator,2024-10-25,196720,55,electropop
Training Season,Dua Lipa,Radical Optimism,2024-05-03,209487,80,dance pop
HOT TO GO!,CHAPPELL ROAN,The Rise and Fall of a Midwest Princess,2023-09-22,184841,89,indie pop
Permission to Dance,BTS,Permission to Dance,2021-07-23,187585,71,k-pop
A SKY FULL OF STARS,COLDPLAY,Ghost Stories,2014-05-19,267866,86,permanent wave
Elastic Heart,"Sia, Diplo, The Weeknd",Elastic Heart (From “The Hunger Games: Catching Fire” Soundtrack),2013-01-01,257986,53,pop
It's Time,Imagine Dragons,Night Visions,2012-09-04,237986,65,modern rock
FE!N,Travis Scott,UTOPIA,2023-07-28,191700,89,rap
YOU`RE BEAUTIFUL,JAMES BLUNT,Back to Bedlam,2005-08-08,209493,73,neo mellow
Conclusão,Julinho Ksd,Sabi na Sabura,2021-09-24,147820,51,hip hop tuga
Sorte A Nossa,Catarina Filipe,Sorte A Nossa,2024-09-07,146666,40,""
SOLTEIROS,DEEJAY TELIO & YASMINE,Solteiros,2023-02-17,179023,49,batida
POR ENQUANTO,PLUTONIO,Por Enquanto,2022-06-30,142341,50,hip hop tuga
We Can't Be Friends (Wait For Your Love),Ariana Grande,eternal sunshine,2024-03-08,228639,87,pop
HEARTLESS,RICHIE CAMPBELL,Heartbreak & Other Stories,2023-03-17,164706,49,hip hop tuga
Moth to a Flame,Swedish House Mafia,Paradise Again,2022-04-15,234000,78,edm
STARBOY,THE WEEKND feat. DAFT PUNK,Starboy (Deluxe),2023-03-14,230461,55,canadian contemporary r&b
Amor de Ferro,"Pedro Abrunhosa, Diogo Piçarra",Amor de Ferro,2024-02-22,214190,46,portuguese pop
Take My Breath,The Weeknd,Dawn FM,2022-01-06,339023,68,canadian contemporary r&b
MIA,Bad Bunny,X 100PRE,2018-12-23,210367,73,reggaeton
My World,Calum Scott,My World,2024-10-04,203650,62,pop
ESSA SAIA,BISPO,Mais Antigo,2020-03-13,210506,50,hip hop tuga
Slow Dancing in a Burning Room,John Mayer,Continuum,2006-09-11,242000,75,neo mellow
(IT GOES LIKE) NANANA,PEGGY GOU,(It Goes Like) Nanana [Edit],2023-06-15,231545,76,electra
TRAINING SEASON,DUA LIPA,Radical Optimism,2024-05-03,209487,80,dance pop
HÁ ALGO EM TI,LUIS TRIGACHEIRO,Ela,2024-10-11,179306,33,fado
HUNG UP,MADONNA,Confessions on a Dance Floor,2005-11-11,337733,74,dance pop
WHY WHY WHY,SHAWN MENDES,Shawn,2024-08-08,169041,79,canadian pop
A Million Dreams,Pink,A Million Dreams,2018-10-24,273640,63,dance pop
Qué Más Pues?,J Balvin,JOSE,2021-09-10,217360,70,reggaeton
Where Are You Now,Lost Frequencies,All Stand Together,2023-11-10,149066,81,belgian edm
Faz um Vuk Vuk (Teto Espelhado),Kevin o Chris,Faz um Vuk Vuk (Teto Espelhado),2023-07-20,138461,69,funk 150 bpm
MALIBU,PROFJAM,#FFFFFF,2019-02-22,202990,43,hip hop tuga
FLORA,TREZE,Flora,2024-09-13,152594,23,""
Stay,"Rihanna, Mikky Ekko",Unapologetic (Edited Version),2012-01-01,240706,71,barbadian pop
ROYALS,LORDE,Pure Heroine,2013-09-27,190185,75,art pop
casa,Fernando Daniel,V.H.S (vol.1),2023-05-26,206700,51,portuguese pop
STAR,REAMONN,Beautiful Sky,2003-01-01,255040,40,german pop rock
ATÉ AO FIM,MANINHO,Até ao Fim,2023-11-03,204884,53,portuguese pop
CANT CATCH ME NOW,OLIVIA RODRIGO,The Hunger Games: The Ballad of Songbirds & Snakes (Music From & Inspired By),2023-11-17,205483,72,pop
LA LA,MYKE TOWERS,LA VIDA ES UNA,2023-03-23,197920,82,reggaeton
SUSHI,NENNY,Aura,2020-03-02,159737,34,hip hop tuga
Woman,Doja Cat,Planet Her,2021-06-25,172626,82,dance pop
Birds Of A Feather,Billie Eilish,HIT ME HARD AND SOFT,2024-05-17,210373,98,art pop
Devia Ir,Wet Bed Gang,Devia Ir,2018-07-20,293748,57,hip hop tuga
AGAIN,LENNY KRAVITZ,Again,2000-01-01,231666,66,permanent wave
"I Hate U, I Love U","Gnash, Olivia O'Brien",us,2016-03-25,251033,74,alt z
Natural,Imagine Dragons,Origins (Deluxe),2018-11-09,189466,79,modern rock
IDIOTA,JÃO,PIRATA,2021-10-20,181626,63,pop nacional
STAY WITH ME,SAM SMITH,In The Lonely Hour,2014-05-26,172723,81,pop
Die With A Smile,"Lady Gaga, Bruno Mars",Die With A Smile,2024-08-16,251667,100,art pop
APOLOGIZE,TIMBALAND [+] ONEREPUBLIC,Shock Value,2007-01-01,184400,72,dance pop
ASSOBIA PARA O LADO,CARLAO,Assobia Para O Lado,2020-03-13,191648,35,hip hop tuga
Guaranteed,Eddie Vedder,Into The Wild (Music For The Motion Picture),2007-09-18,164500,55,acoustic rock
ANDORINHAS,ANA MOURA,Casa Guilhermina,2022-11-11,177633,38,fado
EVERYTHING I WANTED,BILLIE EILISH,everything i wanted,2019-11-13,245425,82,art pop
CHASING CARS,SNOW PATROL,Eyes Open,2006-01-01,267960,79,irish rock
I Like The Way You Kiss Me,Artemas,i like the way you kiss me,2024-03-19,142514,85,""
Close To You,Gracie Abrams,The Secret of Us,2024-06-21,225973,79,alt z
MTG QUEM NÃO QUER SOU EU,DJ TOPO,MTG QUEM NÃO QUER SOU EU,2024-05-10,123692,77,deboxe
O Mundo ao Contrário,Xutos & Pontapés,O Mundo Ao Contrário,2004-01-01,258533,34,portuguese rock
Mon Amour [remix],Zzoilo,Mon Amour (Remix),2021-08-18,179940,74,latin pop
Enemy,Imagine Dragons,Mercury - Acts 1 & 2,2022-07-01,173381,79,modern rock
A Terra Gira,Os Quatro e Meia,O Tempo Vai Esperar,2020-09-25,197506,48,portuguese folk
I'm Outta Love,Anastacia,Pieces of A Dream,1999-01-01,245400,50,pop soul
WHERE U @,SLOW J,Afro Fado,2023-11-24,144765,49,hip hop tuga
Diamonds,Rihanna,Unapologetic (Edited Version),2012-01-01,225146,70,barbadian pop
LOVIN ON ME,JACK HARLOW,Lovin On Me,2023-11-10,138411,80,deep underground hip hop
A NOSSA VEZ,CALEMA,A.N.V.,2017-10-20,217853,49,musica santomense
IM NOT THE ONLY ONE,SAM SMITH,In The Lonely Hour,2014-05-26,239316,82,pop
Because of You,Kelly Clarkson,Breakaway,2004-01-17,219493,64,dance pop
QUERO FUGIR,SORAIA RAMOS,COCKTAIL,2023-10-27,185481,34,kizomba
Billionaire,"Travie McCoy, Bruno Mars",Lazarus,2010-06-07,211160,73,pop rap
BEFORE I LOSE MY VOICE,RICHIE CAMPBELL,Before I Lose My Voice,2024-09-27,186483,55,hip hop tuga
RUDE BOY,RIHANNA,Rated R,2009-11-20,222920,77,barbadian pop
COLAS,DILLAZ,O Próprio,2024-02-16,193170,50,hip hop tuga
SCARS TO YOUR BEAUTIFUL,ALESSIA CARA,Know-It-All,2015-11-13,230240,76,canadian contemporary r&b
Lua,Ivandro,Trovador,2024-02-16,192417,57,hip hop tuga
Where Are You Now,"Lost Frequencies, Calum Scott",All Stand Together,2023-11-10,149066,81,belgian edm
THERES NOTHING HOLDIN ME BACK,SHAWN MENDES,Illuminate (Deluxe),2017-04-20,199440,84,canadian pop
I Like It,Cardi B,Invasion of Privacy,2018-04-06,253390,75,pop
Ho Hey,The Lumineers,The Lumineers,2012-04-03,163133,81,folk-pop
NASTY,TINASHE,Nasty,2024-04-12,176027,75,alternative r&b
I Drink Wine,Adele,30,2021-11-19,376169,71,british soul
Gata Only,FloyyMenor,Gata Only,2024-02-02,222000,88,reggaeton chileno
SOMEWHERE OVER THE RAINBOW,ISRAEL KAMAKAWIWOOLE,Facing Future,1993-11-01,308026,68,hawaiian
Pump It,Black Eyed Peas,Monkey Business,2005-01-01,213066,67,dance pop
Please Please Please,Sabrina Carpenter,Please Please Please,2024-06-06,186365,90,pop
Celestial,Ed Sheeran,Celestial,2022-09-29,209026,67,pop
FAITHS SONG,AMY WADGE,Keeping Faith,2018-03-02,172058,44,british singer-songwriter
OHNANA,KAPO,Ohnana,2024-06-06,156577,86,""
LOVE AGAIN,RICHIE CAMPBELL,Heartbreak & Other Stories,2023-03-17,208068,49,hip hop tuga
Essa Saia,Bispo,Mais Antigo,2020-03-13,210506,50,hip hop tuga
KILL BILL,SZA,SOS,2022-12-08,153946,86,pop
Video,India.Arie,Acoustic Soul,2001-01-01,249960,58,neo soul
CLOSE TO YOU,GRACIE ABRAMS,The Secret of Us,2024-06-21,225973,79,alt z
feelslikeimfallinginlove,Coldplay,feelslikeimfallinginlove,2024-06-21,237803,80,permanent wave
If I'm Lucky,Jason Derulo,If I'm Lucky,2017-08-31,212013,49,dance pop
Bad Liar,Selena Gomez,Bad Liar,2017-05-18,214647,63,pop
Nunca Me Esqueci de Ti,Rui Veloso,O Concerto Acústico (Live),2003-01-01,195200,39,portuguese rock
My Love Mine All Mine,Mitski,The Land Is Inhospitable and So Are We,2023-09-15,137773,88,brooklyn indie
I HAD SOME HELP,POST MALONE & MORGAN WALLEN,F-1 Trillion,2024-08-15,178205,85,dfw rap
EVERYTIME WE TOUCH,DAVID GUETTA,Pop Life,2007-06-01,220640,32,big room
You Are the Reason,Calum Scott,Only Human (Deluxe),2018-03-09,204326,76,pop
Nothin' on You,"B.o.B., Bruno Mars",B.o.B Presents: The Adventures of Bobby Ray,2010-04-27,268320,76,atl hip hop
Faz Bem,"Bluay, Julinho Ksd",Faz Bem,2024-01-19,183714,59,trap tuga
Talking to the Moon,Bruno Mars,Doo-Wops & Hooligans,2010-05-11,217866,81,dance pop
Hello,Adele,25,2015-11-20,295502,71,british soul
Señorita,"Shawn Mendes, Camila Cabello",Shawn Mendes (Deluxe),2019-06-19,190799,78,canadian pop
GALOPA,PEDRO SAMPAIO,CHAMA MEU NOME,2022-02-02,140500,63,funk carioca
Heat Waves,Glass Animals,Dreamland,2020-08-07,238805,85,gauze pop
VIDA BOA,DAVID CARREIRA & JULIETTE,Vida Boa,2024-02-23,175677,36,portuguese pop
THANK YOU,DIDO,Thank You (Not So Bad),2023-12-01,140000,82,belgian dance
TALVEZ,CAROLINA DE DEUS,Dores de Crescimento,2023-05-12,184269,40,""
A Thousand Years,Christina Perri,a thousand years,2011-10-18,285120,80,pop
DO MEU AO TEU CORREIO,NENA,ao fundo da rua,2022-11-18,205972,39,portuguese pop
Better in Time,Leona Lewis,Spirit,2007-01-01,234173,65,british soul
Shake It Off (Taylor's Version),Taylor Swift,1989 (Taylor's Version),2023-10-26,219209,72,pop
É ISSO AÍ,ANA CAROLINA & SEU JORGE,Ana E Jorge,2005-11-17,318026,56,mpb
Heather,Conan Gray,Kid Krow,2020-03-20,198040,83,bedroom pop
Vamo De Pagodin,Mc Daniel,Vamo de Pagodin,2024-05-03,160864,75,funk viral
I DON`T BELIEVE YOU,PINK,Funhouse (Expanded Edition),2008-10-24,276280,44,dance pop
CLUB CAN`T HANDLE ME,FLO RIDA,Only One Flo (Part 1),2010-11-24,234560,76,dance pop
Wrecked,Imagine Dragons,Mercury - Acts 1 & 2,2022-07-01,244004,68,modern rock
BKBN,SORAIA RAMOS,BKBN,2022-02-14,178574,43,kizomba
If I Lose Myself,OneRepublic,Native,2014-01-01,214813,59,piano rock
STICK SEASON,NOAH KAHAN,Stick Season,2022-10-14,182346,87,pov: indie
ALL OF ME,JOHN LEGEND,Love In The Future (Expanded Edition),2013-08-30,269560,83,neo soul
Club Can't Handle Me,"Flo Rida, David Guetta",Only One Flo (Part 1),2010-11-24,234560,76,dance pop
Wish You The Best,Lewis Capaldi,Broken By Desire To Be Heavenly Sent,2023-05-19,210880,75,pop
EMPIRE STATE OF MIND,ALICIA KEYS,The Blueprint 3,2009-09-08,276920,80,east coast hip hop
ALIBI,SEVDALIZA with PABLLO VITTAR & YSEULT,Alibi (with Pabllo Vittar & Yseult),2024-06-28,161655,68,alternative r&b
Voltas,Fernando Daniel,Voltas,2018-10-12,228539,46,portuguese pop
TOTAL ECLIPSE OF THE HEART,BONNIE TYLER,The Very Best of Bonnie Tyler,2009-03-26,267360,79,europop
Faz Bem,Bluay,Faz Bem,2024-01-19,183714,59,trap tuga
Congratulations,Post Malone,Stoney (Deluxe),2016-12-09,220293,78,dfw rap
Love on the Brain,Rihanna,ANTI (Deluxe),2016-01-28,224000,83,barbadian pop
SKYFALL,ADELE,Skyfall,2012-10-04,286480,84,british soul
MORE THAN YOU KNOW,AXWELL & INGROSSO,More Than You Know,2017-07-28,203000,77,edm
AUSTIN,DASHA,What Happens Now?,2024-02-16,171782,88,""
I Knew You Were Trouble (Taylor's Version),Taylor Swift,Red (Taylor's Version),2021-11-12,219760,72,pop
MISS INDEPENDENT,NE-YO,Year Of The Gentleman (Bonus Track Edition),2008-01-01,232000,77,dance pop
We're Good,Dua Lipa,Future Nostalgia (The Moonlight Edition),2021-02-11,165506,66,dance pop
MTG QUEM NAO QUER SOU EU,"DJ TOPO, SEU JORGE, MC LEOZIN & MC G15",MTG QUEM NÃO QUER SOU EU,2024-05-10,123692,77,deboxe
IMAGINA ESSE CENARIO,MATUE & VEIGH,333,2024-09-09,155368,77,r&b brasileiro
HOT N COLD,KATY PERRY,One Of The Boys,2008-06-17,220226,70,pop
LIGHTER,"GALANTIS, DAVID GUETTA & 5 SECONDS OF SUMMER",Rx,2024-05-17,172268,62,dance pop
Die With A Smile,Lady Gaga,Die With A Smile,2024-08-16,251667,100,art pop
Menina Solta,Giulia Be,menina solta,2019-08-23,150026,67,pop nacional
La Bachata,Manuel Turizo,2000,2023-03-17,162637,83,colombian pop
Houdini,Dua Lipa,Radical Optimism,2024-05-03,185917,80,dance pop
FONES NOS OUVIDOS,NENA,Fones nos ouvidos - Ao vivo no Grovewood Estúdio,2024-08-16,233840,39,portuguese pop
Amanhã,Os Quatro e Meia,Festival Da Canção 2022,2022-01-21,179589,44,portuguese folk
WANT TO WANT ME,JASON DERULO,Everything Is 4,2015-05-29,207719,73,dance pop
Dia de Folga,Ana Moura,Moura,2016-01-01,157573,35,fado
DESPEDIDA DE SOLTEIRA,BÁRBARA TINOCO,Bichinho,2023-04-21,202920,46,portuguese pop
LOUCAMENTE,"D.A.M.A, LOS ROMEROS",Loucamente,2023-05-12,222909,49,portuguese pop
Brutos Diamantes,Syro,11 11,2023-11-11,176320,56,portuguese pop
Survivor,Destiny's Child,Survivor,2001-05-01,254026,67,dance pop
SLOW IT DOWN,BENSON BOONE,Fireworks & Rollerblades,2024-04-05,161831,87,singer-songwriter pop
A Coisa Vai Andando,Beatriz Caixinha,Merenda Mista,2024-09-06,136968,14,""
Sushi,Nenny,Aura,2020-03-02,159737,34,hip hop tuga
Desliza,Ana Moura,Desliza,2024-09-19,160600,48,fado
CHICO,LUISA SONZA,Escândalo Íntimo,2024-05-28,182111,60,funk carioca
Heaven,Niall Horan,The Show,2023-06-09,186043,71,pop
Us,James Bay,Electric Light,2018-05-18,181360,70,neo mellow
Chamada Não Atendida,Bárbara Tinoco,Bichinho,2023-04-21,207173,49,portuguese pop
Stick Season,Noah Kahan,Stick Season,2022-10-14,182346,87,pov: indie
Dakiti,Bad Bunny,EL ÚLTIMO TOUR DEL MUNDO,2020-11-27,205090,76,reggaeton
Without You,The Kid Laroi,F*CK LOVE 3+: OVER YOU,2021-07-27,161384,73,australian hip hop
O Teu Cheiro,Bispo,O Teu Cheiro,2024-10-11,170290,57,hip hop tuga
GUESS,CHARLI XCX FEAT. BILLIE EILISH,Guess featuring Billie Eilish,2024-08-01,143330,87,art pop
AMAR PELA METADE,CALEMA,Amar Pela Metade / Aimer À Moitié,2024-09-20,186922,55,musica santomense
"GOOD LUCK, BABE",CHAPPELL ROAN,"Good Luck, Babe!",2024-04-05,218423,94,indie pop
APT,"ROSÉ, BRUNO MARS",APT.,2024-10-18,169917,95,k-pop
Let It Out,Frances,Things I've Never Said (Deluxe),2017-03-17,232133,22,indie anthem-folk
Imagina,FrankieontheGuitar,Imagina,2021-02-26,223100,52,hip hop tuga
Story of My Life,One Direction,Midnight Memories (Deluxe),2013-11-25,245493,87,boy band
The Emptiness Machine,Linkin Park,The Emptiness Machine,2024-09-05,190427,90,alternative metal
MILAGRE,JURA,milagre,2023-03-24,159000,33,portuguese pop
Cold Heart [Pnau remix],Elton John,The Lockdown Sessions,2021-10-22,202735,67,glam rock
STUMBLIN IN,CYRIL,Stumblin' In,2023-11-10,213363,85,""
Benção,Mizzy Miles,Bênção,2024-03-01,205934,62,hip hop tuga
I DONT WANNA WAIT,DAVID GUETTA + ONEREPUBLIC,I Don't Wanna Wait,2024-04-05,149667,86,big room
OLHA PARA NÓS,"ANJOS, NUNO RIBEIRO",Olha Para Nós (feat. Nuno Ribeiro),2024-10-18,206836,35,portuguese pop
Cidade,"Bárbara Tinoco, Bárbara Bandeira",Desalinhados,2021-04-29,165840,47,portuguese pop
Apneia,Tatiana Duarte,Apneia,2024-05-31,201569,28,""
"I LOVE YOU, IM SORRY",GRACIE ABRAMS,The Secret of Us,2024-06-21,157146,90,alt z
Fortnight,Taylor Swift,THE TORTURED POETS DEPARTMENT,2024-04-18,228965,85,pop
TOO SWEET,HOZIER,Unreal Unearth: Unaired,2024-08-19,251424,78,irish singer-songwriter
7 Rings,Ariana Grande,"thank u, next",2019-02-08,178626,81,pop
Fumaça,Bárbara Bandeira,Fumaça (feat. Veigh),2024-05-17,202474,54,portuguese pop
Starboy,The Weeknd,Starboy,2016-11-25,230453,87,canadian contemporary r&b
A BAR SONG,SHABOOZEY,A Bar Song (Tipsy),2024-04-12,171291,87,modern country pop
Más de la Una,Piso 21 ,El Amor En Los Tiempos Del Perreo,2021-03-18,236731,52,colombian pop
Alô,Dillaz,O Próprio,2024-02-16,211714,60,hip hop tuga
"Yo x Ti, Tu x Mi",Rosalía,"Yo x Ti, Tu x Mi",2019-08-15,201040,70,pop
FIRESTONE,"KYGO, CONRAD",Cloud Nine,2016-05-13,271640,75,edm
Do You No Wrong,Richie Campbell,Lisboa,2017-12-21,243180,50,hip hop tuga
NOSSO QUADRO,ANA CASTELA & AGROPLAY,Agroplay Verão,2023-08-18,173698,65,agronejo
Sabes Bem,Os Quatro e Meia,O Tempo Vai Esperar,2020-09-25,211986,40,portuguese folk
It'll Be Okay,Shawn Mendes,It'll Be Okay,2021-12-01,222800,69,canadian pop
Can't Even Hate You,Cian Ducrot,Can’t Even Hate You,2024-08-30,237203,58,irish pop
TAL COMO SOU,FERNANDO DANIEL,Presente,2020-07-10,171946,40,portuguese pop
Dive,Olivia Dean,Messy,2023-06-30,200759,72,pop soul
Bipolar,MC Davi,Bipolar,2021-04-09,276480,55,funk carioca
LOVE FORA DE STOCK,PIKIKA,love fora de stock,2024-03-15,180762,27,""
EMPIRE STATE OF MIND,JAY-Z feat. ALICIA KEYS,The Blueprint 3,2009-09-08,276920,80,east coast hip hop
Thunder,Imagine Dragons,Evolve,2017-06-23,187146,84,modern rock
LIVE TO TELL,MADONNA,True Blue,1986-06-30,351920,57,dance pop
NÃO DEVIA,"NUNO RIBEIRO, LOONY JOHNSON",Sentido,2023-06-23,178538,49,portuguese pop
Houdini,Eminem,Houdini,2024-05-31,227239,82,detroit hip hop
ALIBI,ELLA HENDERSON feat. RUDIMENTAL,Alibi (feat. Rudimental),2024-01-12,184852,76,dance pop
CALON,NININHO VAZ MAIA,Calon,2024-05-10,148169,52,portuguese pop
SIDE TO SIDE,"ARIANA GRANDE, NICKI MINAJ",Dangerous Woman,2016-05-20,226160,66,pop
Burguesinha (ao vivo),Seu Jorge,"Musicas para Churrasco, Vol.1 (Ao Vivo) (Delux Edition)",2012-01-01,300506,41,mpb
Boyfriend,Dove Cameron,Boyfriend,2022-02-11,153000,71,pop
Mon Amour [remix],"Zzoilo, Aitana",Mon Amour (Remix),2021-08-18,179940,74,latin pop
EYES CLOSED,ED SHEERAN,- (Deluxe),2023-05-05,194848,73,pop
SOMOS IGUAIS,PLUTONIO,"Sacrifício: Sangue, Lágrimas, Suor",2019-11-22,237679,55,hip hop tuga
A Nossa Dança,Calema,A Nossa Dança,2023-04-06,182500,58,musica santomense
Believer,Imagine Dragons,Evolve,2017-06-23,204346,85,modern rock
Quem Me Dera,Mariza,Mariza,2018-05-25,256920,44,fado
AMERICAN BOY,ESTELLE [+] KANYE WEST,Shine,2008-03-28,284733,77,neo soul
BETTER NOW,POST MALONE,beerbongs & bentleys,2018-04-27,231266,77,dfw rap
If the World Was Ending,"JP Saxe, Julia Michaels",Dangerous Levels of Introspection,2021-06-25,209493,72,alt z
FLOWERS,MILEY CYRUS,Endless Summer Vacation,2023-08-18,200600,87,pop
SEYA,MORAD & GIMS,Seya,2023-10-06,188484,73,""
ACORDAR,PLUTONIO,Acordar,2024-05-24,197862,56,hip hop tuga
WHEN LOVE SUCKS,JASON DERULO FEAT. DIDO,Nu King,2024-02-16,169645,48,dance pop
DONT DREAM ITS OVER,CROWDED HOUSE,Crowded House,1986-01-01,236933,81,australian rock
Rapstar,Polo G,Hall of Fame,2021-06-11,165925,78,chicago rap
Alone,Liquideep,Fabrics of the Heart,2010-05-25,216360,45,afro soul
Ai se Ele Cai,Xutos & Pontapés,O Mundo Ao Contrário,2004-01-01,192826,42,portuguese rock
LOOK WHOS LAUGHING NOW,BENJAMIN INGROSSO,Look Who's Laughing Now,2024-06-14,174660,67,swedish pop
THE SOUND OF SILENCE,"DISTURBED, CYRIL REMIX",The Sound of Silence (CYRIL Remix),2024-02-02,185238,63,alternative metal
Belong Together,Mark Ambor,Belong Together,2024-02-16,148317,83,singer-songwriter pop
Leave Out all the Rest,Linkin Park,Minutes to Midnight,2007-05-14,209306,72,alternative metal
Follow You,Imagine Dragons,Mercury - Acts 1 & 2,2022-07-01,175643,70,modern rock
STAY,RIHANNA [+] MIKKY EKKO,Unapologetic (Edited Version),2012-01-01,240706,71,barbadian pop
Beautiful Things,Benson Boone,Fireworks & Rollerblades,2024-04-05,180304,89,singer-songwriter pop
MWAKI,"ZERB, SOFIYA NZAU",SURRENDER,2023-10-27,208135,75,pop dance
Cover Me in Sunshine,"Pink, Willow Sage Hart",Cover Me In Sunshine,2021-02-12,141050,67,dance pop
I Adore You,Hugel,I Adore You (feat. Daecolm),2024-07-19,214000,84,deep house
Como Tu,"Bárbara Bandeira, Ivandro",Finda,2023-10-06,207873,51,portuguese pop
Bad Day (Acoustic Version),Daniel Powter,Acoustic Autumn (Acoustic Version),2019-10-18,216586,1,canadian pop
Take Me to Church,Hozier,Hozier (Expanded Edition),2014-09-19,241693,79,irish singer-songwriter
Idiota,Jão,PIRATA,2021-10-20,181626,63,pop nacional
FOLLOW YOU,IMAGINE DRAGONS,Mercury - Acts 1 & 2,2022-07-01,175643,70,modern rock
LOSE CONTROL,TEDDY SWIMS,I've Tried Everything But Therapy (Part 1),2023-09-15,210688,89,""
Side to Side,Ariana Grande,Dangerous Woman,2016-05-20,226160,66,pop
PERMISSION TO DANCE,BTS,Permission to Dance,2021-07-23,187585,71,k-pop
Memories,Maroon 5,JORDI (Deluxe),2021-06-11,189486,81,pop
LONELY,JUSTIN BIEBER & BENNY BLANCO,Justice,2021-03-19,149189,73,canadian pop
Again,Lenny Kravitz,Again,2000-01-01,231666,66,permanent wave
BAD ROMANCE,LADY GAGA,The Fame Monster (Deluxe Edition),2009-11-05,294573,82,art pop
AS IT WAS,HARRY STYLES,Harry's House,2022-05-20,167303,87,pop
SUPA,FLORITO,Supa,2024-10-24,170769,18,""
NOITE,"IVANDRO, VITOR KLEY",Trovador,2024-02-16,206522,49,hip hop tuga
NÃO ME IMPORTO,CAROLINA DESLANDES,Não Me Importo,2020-11-24,194862,43,portuguese pop
Love Nwantiti [remix],CKay,love nwantiti (feat. Dj Yo! & AX'EL) [Remix],2021-09-09,188368,70,afro r&b
Just Breathe,Pearl Jam,Backspacer,2009-09-19,215853,66,alternative metal
Dancing In the Flames,The Weeknd,Dancing In The Flames,2024-09-13,220036,85,canadian contemporary r&b
Anda Comigo,David Carreira,OYTO,2023-05-19,173998,19,portuguese pop
Slow It Down,Benson Boone,Fireworks & Rollerblades,2024-04-05,161831,87,singer-songwriter pop
Hallelujah,Jeff Buckley,Grace,1994-01-01,413826,67,melancholia
THE WAY I ARE,TIMBALAND,Shock Value,2007-01-01,179120,82,dance pop
A NOSSA DANCA,CALEMA,A Nossa Dança,2023-04-06,182500,58,musica santomense
Se Ao Menos,"Inês Apenas, Irma",Se Ao Menos,2024-05-05,205016,18,""
Lovesong,Adele,21,2011-01-24,316240,55,british soul
Crack Com Mussilon,Matuê,333,2024-09-09,154418,80,r&b brasileiro
RE-TRATAMENTO,DA WEASEL,Re-Definições,2004-06-11,245693,50,hip hop tuga
Despedida de Solteira,Bárbara Tinoco,Bichinho,2023-04-21,202920,46,portuguese pop
Romance de Cinema,Domingues,Romance de Cinema,2020-11-20,235862,50,hip hop tuga
CREEPIN,"METRO BOOMIN, THE WEEKND & 21 SAVAGE",HEROES & VILLAINS,2022-12-02,221520,81,rap
GAROTA,"MANINHO, MARISA LIZ",Garota (feat. Marisa Liz),2024-06-07,216569,54,portuguese pop
DIE WITH A SMILE,"BRUNO MARS, LADY GAGA",Die With A Smile,2024-08-16,251667,100,art pop
Abcdefu,Gayle,abcdefu,2021-08-13,168601,72,alt z
BROKEN STRINGS,JAMES MORRISON [+] NELLY FURTADO,"Songs For You, Truths For Me",2008-01-01,250453,47,neo mellow
What Do You Believe In,Rag'n'Bone Man,What Do You Believe In? (Deluxe),2024-10-18,190474,47,neo soul
RGTN,PROFJAM,RGTN,2023-11-10,211160,29,hip hop tuga
Juramento Eterno de Sal,Álvaro de Luna,Levantaremos al sol,2022-03-11,205546,54,spanish pop
Breathe (2am),Anna Nalick,Wreck of the Day,2005-01-01,279826,60,acoustic pop
Move,Adam Port,Move,2024-06-07,177598,87,melodic house
Creepin',"Metro Boomin, The Weeknd, 21 Savage",HEROES & VILLAINS,2022-12-02,221520,81,rap
Problemas De Um Milionário,WIU & Teto,Problemas de um Milionário,2024-04-10,144360,71,trap brasileiro
idontwannabeyouanymore,Billie Eilish,dont smile at me,2017-12-22,203569,78,art pop
NAO SOMOS IGUAIS,DIANA LIMA,Beco Com Saída,2024-03-08,185517,35,portuguese pop
Alma Nua,Van Zee,do.mar,2023-12-01,205637,56,hip hop tuga
Broken Strings,"James Morrison, Nelly Furtado","Songs For You, Truths For Me",2008-01-01,250453,47,neo mellow
BEFORE YOU,BENSON BOONE,Before You,2022-10-28,187940,73,singer-songwriter pop
ELA NÃO SABE POIS NÃO,BÁRBARA TINOCO,Bichinho (para onde vai o amor?),2024-05-31,185386,53,portuguese pop
In the End,Linkin Park,Hybrid Theory (Bonus Edition),2000-01-01,216880,87,alternative metal
Vivi Good,Julinho Ksd,Sabi na Sabura,2021-09-24,214872,43,hip hop tuga
Hurt,Christina Aguilera,Back To Basics,2006-08-14,243373,62,dance pop
I Don't Care,Ed Sheeran,No.6 Collaborations Project,2019-07-12,219946,78,pop
Save Your Tears [remix],The Weeknd,After Hours (Deluxe),2020-03-20,191013,79,canadian contemporary r&b
THINKING OUT LOUD,ED SHEERAN,x (Deluxe Edition),2014-06-21,281560,80,pop
Taste,Sabrina Carpenter,Short n' Sweet,2024-08-23,157279,94,pop
Callaita,Bad Bunny,Un Verano Sin Ti,2022-05-06,250533,73,reggaeton
Nunca Mais Vou Lá Estar,"Miguel Carmona, Rita Rocha",Fora de Horas,2024-04-19,230067,23,""
FORTNIGHT,"TAYLOR SWIFT, POST MALONE",THE TORTURED POETS DEPARTMENT,2024-04-18,228965,85,pop
How Deep Is Your Love,"Calvin Harris, Disciples",How Deep Is Your Love,2015-07-17,212640,75,dance pop
Used to Be Young,Miley Cyrus,Endless Summer Vacation,2023-08-18,191185,70,pop
A VIDA DA,JURA,Golpes da Vida,2024-08-23,157428,12,""
BEFORE YOU GO,LEWIS CAPALDI,Divinely Uninspired To A Hellish Extent (Extended Edition),2019-11-22,215106,81,pop
All For You,"Cian Ducrot, Ella Henderson",All For You (with Ella Henderson),2022-08-12,221173,52,irish pop
FORTNIGHT,TAYLOR SWIFT FEAT. POST MALONE,THE TORTURED POETS DEPARTMENT,2024-04-18,228965,85,pop
WHEN I WAS YOUR MAN,BRUNO MARS,Unorthodox Jukebox,2012-12-07,213826,87,dance pop
MONACO,BAD BUNNY,nadie sabe lo que va a pasar mañana,2023-10-13,267194,77,reggaeton
GIMME MORE,BRITNEY SPEARS,Blackout,2007-10-25,251240,80,dance pop
PRECO CERTO,PEDRO MAFAMA,Estava No Abismo Mas Dei Um Passo Em Frente,2023-05-26,170558,45,portuguese indie
TEXAS HOLD EM,BEYONCE,COWBOY CARTER,2024-03-29,233456,73,pop
CAPICUAS,RITA ROCHA,Capicuas,2024-10-10,158733,33,""
DEMONS,IMAGINE DRAGONS,Night Visions,2012-09-04,175200,73,modern rock
Garota,"Maninho, Marisa Liz",Garota (feat. Marisa Liz),2024-06-07,216569,54,portuguese pop
A BAR SONG (TIPSY),SHABOOZEY,A Bar Song (Tipsy),2024-04-12,171291,87,modern country pop
"Olá, Solidão",Os Quatro e Meia,Olá Solidão,2021-06-25,280863,48,portuguese folk
Crazy in Love,"Beyoncé, Jay Z",Dangerously In Love,2003-06-24,236133,77,pop
DONT KNOW WHY,NORAH JONES,Come Away With Me (Super Deluxe Edition),2002-02-26,186251,75,contemporary vocal jazz
SCARED TO START,MICHAEL MARCAGI,Scared To Start,2024-01-12,159636,85,""
Morado,J Balvin,Colores,2020-03-19,200266,62,reggaeton
Tradição,S. Pedro,Tradição,2024-10-08,163680,22,portuguese indie
OUTRO PLANETA,VIRGUL,Outro Planeta,2024-07-05,184902,36,portuguese pop
SAUDADE,"MIGUEL ARAUJO, OS QUATRO E MEIA",Saudade,2024-03-08,248880,43,portuguese pop
SO FE,GRELO,É o Grelo,2024-07-19,203337,79,""
"Thank U, Next",Ariana Grande,"thank u, next",2019-02-08,207320,78,pop
SOMEONE YOU LOVED,LEWIS CAPALDI,Divinely Uninspired To A Hellish Extent,2019-05-17,182160,86,pop
Avião de Papel,"Carolina Deslandes, Rui Veloso",Casa,2018-04-20,226730,37,portuguese pop
EUROPA,MIZZY MILES feat. DEEJAY TELIO & TETO & GSON,EUROPA (feat. Gson),2022-06-01,216800,51,hip hop tuga
CAVALINHO,Pedro Sampaio,CAVALINHO,2024-01-25,138591,66,funk carioca
BIRDS OF A FEATHER,BILLIE EILISH,HIT ME HARD AND SOFT,2024-05-17,210373,98,art pop
Easy on Me,Adele,30,2021-11-19,224694,83,british soul
THE DOOR,TEDDY SWIMS,I've Tried Everything But Therapy (Part 1),2023-09-15,212648,86,""
Timeless,The Weeknd,Timeless,2024-09-27,256000,92,canadian contemporary r&b
ROSAS,"KAPPA JOTTA, MUN",ROSAS,2022-05-11,177272,49,hip hop tuga
USED TO BE YOUNG,MILEY CYRUS,Endless Summer Vacation,2023-08-18,191185,70,pop
DONT STOP THE MUSIC,RIHANNA,Good Girl Gone Bad,2007-01-01,267080,70,barbadian pop
