artist_name,mb_artist_country,mb_artist_main_genre,mb_artist_type,mb_artist_career_begin,mb_artist_career_end,mb_artist_career_ended,wiki_nationality,combined_nationality
Christina Perri,United States,pop,Person,1986-08-19,,false,United States of America,United States
"David Guetta, Sia",France,house,Person,1967-11-07,,false,Unknown,France
Mark Ronson [+] Amy Winehouse,United Kingdom,soul,Person,1983-09-14,2011-07-23,true,Unknown,United Kingdom
Mizzy Miles Feat. Deejay Telio & Teto & Gson,Portugal,"",Person,1996-07-20,,false,Unknown,Portugal
Mc Tuto & Dj G,Unknown,"","",,,false,Unknown,Unknown
Megan Thee Stallion & Renee Rapp,United States,hip hop,Person,1995-02-15,,false,United States of America,United States
Jojo,United States,jojo,Person,1990-12-20,,false,United States of America,United States
Hugel,France,dance,Person,1987-12-04,,false,Unknown,France
Ariana Grande [+] Zedd,United States,pop,Person,1993-06-26,,false,Unknown,United States
Nenny,Portugal,hip hop,Person,2002-11-19,,false,Portugal,Portugal
"Post Malone, Morgen Wallen",United States,hip hop,Person,1995-07-04,,false,Unknown,United States
Ellie Goulding,United Kingdom,electropop,Person,1986-12-30,,false,United Kingdom,United Kingdom
Ive & David Guetta,France,house,Person,1967-11-07,,false,Unknown,France
Tom Grennan,United Kingdom,indie pop,Person,1995-06-08,,false,United Kingdom,United Kingdom
Mark Ambor,United States,"",Person,,,false,United States of America,United States
Lisa [Th],United Kingdom,rock,Group,1977-01-01,1995-01-01,true,Thailand,United Kingdom
J. Balvin Feat. Khalid,Colombia,reggaeton,Person,1985-05-07,,false,Unknown,Colombia
The Fray,"","","",,,,Unknown,Unknown
Hanumankind Feat. Kalmi,Unknown,"","",,,false,Unknown,Unknown
David Carreira Feat. Djodje,Cabo Verde,kizomba,Person,1989-01-15,,false,Unknown,Cabo Verde
Foo Fighters,United States,rock,Group,1994-01-01,,false,Unknown,United States
Lady Gaga & Bruno Mars,United States,pop,Person,1986-03-28,,false,Unknown,United States
Katie Melua,United Kingdom,00s,Person,1984-09-16,,false,Soviet Union,United Kingdom
Twenty One Pilots,United States,alternative rock,Group,2009-01-01,,false,Unknown,United States
Rogério Charraz,Brazil,"",Person,1958-09-02,,false,Unknown,Brazil
Swedish House Mafia Ft. The Weeknd,Canada,r&b,Person,1990-02-16,,false,Unknown,Canada
Rosa Linn,Armenia,eurovision 2022 artists,Person,2000-03-20,,false,Armenia,Armenia
"Gnash, Olivia O'Brien",United States,"",Person,1999-11-26,,false,United States of America,United States
Paulo Gonzo,Portugal,"",Person,1956-11-11,,false,Portugal,Portugal
Kygo & Parson James,United States,"",Person,1994-06-07,,false,United States of America,United States
"Agroplay, Ana Castela",Brazil,dance-pop,Person,2003-11-16,,false,Brazil,Brazil
Bandidos Do Cante,Unknown,special purpose artist,Other,,,false,Unknown,Unknown
"Nena, Carolina De Deus",Brazil,"",Person,,,false,Unknown,Brazil
Eminem Feat. Rihanna,United States,pop,Person,1988-02-20,,false,Unknown,United States
Carlão,Portugal,hip hop,Person,1975-07-20,,false,Unknown,Portugal
Bárbara Tinoco,Unknown,"",Person,1998-11-16,,false,Portugal,Portugal
"Bárbara Bandeira, Carminho",Portugal,fado,Person,1984-08-20,,false,Portugal,Portugal
Flowerovlove,Unknown,"",Person,,,false,Unknown,Unknown
Bl3ss & Camrinwatsin Feat. Bbyclose,Unknown,"","",2022-01-01,,false,Unknown,Unknown
Nelly,United States,hip hop,Person,1974-11-02,,false,United States of America,United States
"Alec Benjamin, Khalid",United States,contemporary r&b,Person,1998-02-11,,false,Unknown,United States
Bastille,United Kingdom,pop rock,Group,2010-01-01,,false,Unknown,United Kingdom
Tiago Bettencourt,Portugal,"",Person,1979-09-16,,false,Portugal,Portugal
Modjo,France,french house,Group,1998-01-01,2002-01-01,true,Unknown,France
Ana Carolina & Seu Jorge,Brazil,brazilian,Person,1970-06-08,,false,Unknown,Brazil
Fred Again.. & Obongjayar,Unknown,afrobeat,Person,,,false,Unknown,Unknown
Lykke Li,Sweden,art pop,Person,1986-03-18,,false,Sweden,Sweden
Shawn Mendes,Canada,pop,Person,1998-08-08,,false,Canada,Canada
Swedish House Mafia With The Weeknd,Canada,r&b,Person,1990-02-16,,false,Unknown,Canada
Shakira Feat. Cardi B.,United States,hip hop,Person,1992-10-11,,false,Unknown,United States
Plutónio,Portugal,"",Person,,,false,Portugal,Portugal
Rosalía,Spain,flamenco,Person,1992-09-25,,false,Spain,Spain
Diana Lima,Germany,"",Person,,,false,Unknown,Germany
"Sia, Diplo, The Weeknd",Canada,r&b,Person,1990-02-16,,false,Unknown,Canada
Julinho Ksd,Portugal,"",Person,,,false,Unknown,Portugal
"Os Quatro E Meia, Carlão",Portugal,"",Group,2013-01-01,,false,Unknown,Portugal
"Vado Mas Ki Ás, Ivandro",Unknown,"",Person,,,false,Unknown,Unknown
Leonor Arroja,Brazil,"",Person,,,false,Unknown,Brazil
Mariah Carey,United States,pop,Person,1969-03-27,,false,United States of America,United States
Wet Bed Gang X Lhast,Portugal,hip hop,Group,2014-01-01,,false,Portugal,Portugal
T-Rex,United Kingdom,glam rock,Group,1967-01-01,1977-09-16,true,Unknown,United Kingdom
Daddy Yankee ,Puerto Rico,reggaeton,Person,1977-02-03,,false,United States of America,Puerto Rico
Bad Bunny,Puerto Rico,latin trap,Person,1994-03-10,,false,United States of America,Puerto Rico
Red Hot Chili Peppers,United States,alternative rock,Group,1983-01-01,,false,Unknown,United States
Post Malone Ft. 21 Savage,United States,hip hop,Person,1992-10-22,,false,Unknown,United States
"Dengaz, Seu Jorge",Brazil,brazilian,Person,1970-06-08,,false,Unknown,Brazil
Piruka,Portugal,"",Person,,,false,Portugal,Portugal
Piruka ,Portugal,"",Person,,,false,Portugal,Portugal
"Rita Rocha, Bárbara Tinoco",Unknown,"",Person,1998-11-16,,false,Brazil,Brazil
Lewis Capaldi,United Kingdom,pop,Person,1996-10-17,,false,United Kingdom,United Kingdom
Bispo,Unknown,"",Person,1992-04-12,,false,Unknown,Unknown
Treze,Unknown,"","",,,false,Unknown,Unknown
Nikolaj Grandjean,Denmark,"",Person,1973-06-11,,false,Unknown,Denmark
Sofia Camara,Canada,"",Person,,,false,Argentina,Canada
Vários: Homenagem Rc A Jorge Palma,Portugal,"",Person,1950-06-04,,false,Unknown,Portugal
"Dj Snake, Justin Bieber",Canada,pop,Person,1994-03-01,,false,Unknown,Canada
Post Malone Feat. Ty Dolla $Ign,United States,hip hop,Person,1985-04-13,,false,Unknown,United States
Kapo,Unknown,"",Group,,,false,Unknown,Unknown
Syro Ft. Gisela João,Portugal,"",Person,1983-11-06,,false,Unknown,Portugal
"Miley Cyrus, Beyoncé",United States,pop,Person,1981-09-04,,false,Unknown,United States
Madonna,United States,pop,Person,1958-08-16,,false,United States of America,United States
Carolina De Deus,Brazil,"",Person,,,false,Unknown,Brazil
Sia,Australia,pop,Person,1975-12-18,,false,Australia,Australia
Logic Feat. Alessia Cara & Khalid,Canada,contemporary r&b,Person,1996-07-11,,false,Unknown,Canada
Snow Patrol,United Kingdom,indie rock,Group,1994-01-01,,false,Unknown,United Kingdom
Jason Derulo Feat. Dido,United States,pop,Person,1989-09-21,,false,United States of America,United States
Mariza,Portugal,world,Person,1973-12-16,,false,Portugal,Portugal
Giulia Be,United States,alternative rock,Group,1982-01-01,,false,Brazil,United States
Ed Sheeran,United Kingdom,pop,Person,1991-02-17,,false,United Kingdom,United Kingdom
"Richie Campbell, Van Zee",Germany,classical,Person,1770-12-17,1827-03-26,true,Portugal,Germany
"David Guetta, Sam Martin",France,house,Person,1967-11-07,,false,Unknown,France
The Calling,United States,alternative rock,Group,1996-01-01,,false,Unknown,United States
"Ofenbach, Norma Jean Martine",United Kingdom,english,Person,1991-03-21,,false,Unknown,United Kingdom
Tinashe,United States,alternative r&b,Person,1993-02-06,,false,United States of America,United States
Ella Henderson Feat. Rudimental,United Kingdom,drum and bass,Group,2010-01-01,,false,Unknown,United Kingdom
Lady Gaga,United States,pop,Person,1986-03-28,,false,United States of America,United States
Iã‘Igo Quintero,Unknown,"",Group,,,false,Unknown,Unknown
Iñigo Quintero,Spain,"",Person,,,false,Spain,Spain
Ndotz,Unknown,"","",,,false,Unknown,Unknown
Calema & Zé Filipe,Brazil,folk rock,Person,1949-10-03,,false,Portugal,Brazil
Shakira,Colombia,pop,Person,1977-02-02,,false,Spain,Colombia
Chris Brown,United States,pop,Person,1989-05-05,,false,United States of America,United States
Bette Midler,United States,pop,Person,1945-12-01,,false,United States of America,United States
Anitta ,Brazil,funk,Person,1993-03-30,,false,Brazil,Brazil
Bluay X Julinho Ksd,Portugal,"",Person,,,false,Unknown,Portugal
Shaggy,Jamaica,dancehall,Person,1968-10-22,,false,Unknown,Jamaica
Black Eyed Peas X J. Balvin,United States,hip hop,Group,1995-01-01,,false,Unknown,United States
"Metro Boomin, The Weeknd & 21 Savage",Canada,r&b,Person,1990-02-16,,false,Unknown,Canada
"Bispo, Syro",Portugal,"",Person,,,false,Unknown,Portugal
James Morrison [+] Nelly Furtado,Canada,pop,Person,1978-12-02,,false,Canada,Canada
Carolina Deslandes,Portugal,"",Person,1991-08-27,,false,Portugal,Portugal
Charli Xcx,Unknown,electropop,Person,1992-08-02,,false,United Kingdom,United Kingdom
Cabeças No Ar,Unknown,"",Group,2003-01-01,,false,Portugal,Portugal
Sabrina Carpenter,United States,pop,Person,1999-05-11,,false,United States of America,United States
Lil Nas X Feat. Jack Harlow,United States,pop rap,Person,1999-04-09,,false,Unknown,United States
"Kygo, Ava Max",United States,pop,Person,1994-02-16,,false,Unknown,United States
Imagine Dragons,United States,alternative rock,Group,2008-01-01,,false,Unknown,United States
Ella Henderson,United Kingdom,pop,Person,1996-01-12,,false,United Kingdom,United Kingdom
"Craig David, Sting",Unknown,pop,Person,1951-10-02,,false,Unknown,Unknown
"B.O.B., Bruno Mars",United States,pop,Person,1985-10-08,,false,Unknown,United States
Alexandra Burke,United Kingdom,dance-pop,Person,1988-08-25,,false,United Kingdom,United Kingdom
"Charlie Puth, Selena Gomez",United States,dance-pop,Person,1992-07-22,,false,Unknown,United States
Leona Lewis,"","","",,,,United Kingdom,United Kingdom
Timbaland Feat. Onerepublic,United States,pop,Group,2004-01-01,,false,Unknown,United States
Kodak Black ,United States,hip hop,Person,1997-06-11,,false,United States of America,United States
"Rose, Bruno Mars",United States,pop,Person,1985-10-08,,false,Unknown,United States
"Carolina Deslandes, António Zambujo",Portugal,ballade,Person,1975-09-19,,false,Unknown,Portugal
Shaboozey,United States,country,Person,1995-05-09,,false,United States of America,United States
"Jorja Smith, Preditah",United Kingdom,grime,Person,,,false,United Kingdom,United Kingdom
John Lennon,United Kingdom,rock,Person,1940-10-09,1980-12-08,true,United Kingdom,United Kingdom
Jasmine Thompson,United Kingdom,dance-pop,Person,2000-11-08,,false,United Kingdom,United Kingdom
Lon3r Johny,Portugal,"",Person,1994-03-22,,false,Portugal,Portugal
"Kygo, Conrad",Germany,krautrock,Person,1937-03-17,2011-08-04,true,Norway,Germany
Tim Moore,United Kingdom,blues rock,Person,1952-04-04,2011-02-06,true,Unknown,United Kingdom
Pearl Jam,United States,grunge,Group,1990-01-01,,false,Unknown,United States
Beyoncé ,United States,pop,Person,1981-09-04,,false,United States of America,United States
Noah Cyrus,United States,alternative country,Person,2000-01-08,,false,United States of America,United States
Rick Astley,United Kingdom,blue-eyed soul,Person,1966-02-06,,false,United Kingdom,United Kingdom
Jung Kook Feat. Latto,"Korea, Republic of",edm,Person,1997-09-01,,false,Unknown,"Korea, Republic of"
"Zero 7, Sia, Sophie Barker",Australia,pop,Person,1975-12-18,,false,Unknown,Australia
"Kappa Jotta, Mun",Poland,doom,Group,2015-01-01,,false,Unknown,Poland
Post Malone Feat. Young Thug,United States,hip hop,Person,1991-08-16,,false,Unknown,United States
"Pedro Abrunhosa, Diogo Piçarra",Portugal,"",Person,1990-10-19,,false,Unknown,Portugal
Bispo Ft. Barbara Tinoco,Unknown,"",Person,1998-11-16,,false,Unknown,Unknown
Toto,United States,pop rock,Group,1977-01-01,,false,Unknown,United States
Melim,Brazil,"",Group,2015-01-01,,false,Unknown,Brazil
"Pablo Alborán, Maria Becerra",Spain,pop,Person,1989-05-31,,false,Spain,Spain
Becky Hill,United Kingdom,pop,Person,1994-02-14,,false,United Kingdom,United Kingdom
"Cian Ducrot, Ella Henderson",United Kingdom,pop,Person,1996-01-12,,false,United Kingdom,United Kingdom
Sam The Kid,Portugal,"",Person,1979-07-17,,false,Portugal,Portugal
Ed Sheeran & Beyonce,United States,pop,Person,1981-09-04,,false,Unknown,United States
Pedro Abrunhosa,Portugal,"",Person,1960-12-20,,false,Portugal,Portugal
New York New York,United Kingdom,"",Group,,,false,Unknown,United Kingdom
Vasco Palmeirim E Manhas Da Comercial,United States,heartland rock,Group,1972-10-01,,false,Portugal,United States
Miguel Araújo,Portugal,rock,Person,1978-07-13,,false,Peru,Portugal
"Nena [Pt], Carolina De Deus",Brazil,"",Person,,,false,Unknown,Brazil
Wiu,Brazil,hip hop,Person,2002-02-16,,false,Unknown,Brazil
Bazzi,United States,pop,Person,1997-08-28,,false,United States of America,United States
Syro,Portugal,"",Person,,,false,Unknown,Portugal
Cian Ducrot,Unknown,"",Person,,,false,Ireland,Ireland
"Anavitória, Diogo Piçarra",Portugal,"",Person,1990-10-19,,false,Portugal,Portugal
"Meghan Trainor, John Legend",United States,pop,Person,1993-12-22,,false,Unknown,United States
Mc Zaac,Greece,"",Person,,,false,Unknown,Greece
Lionel Richie,United States,contemporary r&b,Person,1949-06-20,,false,United States of America,United States
Lauren Spencer-Smith,Unknown,panic at the disco,Person,1987-09-02,,false,Canada,Canada
Lisa,Japan,anime,Person,1987-06-24,,false,Unknown,Japan
Zara Larsson X David Guetta,France,house,Person,1967-11-07,,false,Unknown,France
Cardi B,United States,hip hop,Person,1992-10-11,,false,United States of America,United States
Karol G.,Germany,schlager,Person,1949-12-04,,false,Colombia,Germany
"Matias Damásio, Heber",Angola,kizomba,Person,1982-05-09,,false,Angola,Angola
Lighthouse Family,United Kingdom,pop,Group,1993-01-01,,false,Unknown,United Kingdom
"Dj Wn, Dj Gm, Mc Pulin Da Capital, Ryan Sp, Piedro & Daniel",Brazil,"",Person,,,false,Unknown,Brazil
Dave X Central Cee,Unknown,hip hop,Person,1998-06-04,,false,United Kingdom,United Kingdom
Wiu & Teto,Japan,"",Group,2016-01-01,2022-01-01,true,Unknown,Japan
Mizzy Miles Feat. Ivandro & Piruka,Portugal,"",Person,1998-07-26,,false,Unknown,Portugal
Beyonce,"","","",,,,United States of America,United States of America
Charli Xcx Feat. Billie Eilish,United States,alternative pop,Person,2001-12-18,,false,Unknown,United States
Olivia Dean,United States,pop,Person,1917-06-07,1995-12-25,true,Unknown,United States
Young Thug ,United States,hip hop,Person,1991-08-16,,false,United States of America,United States
Amy Wadge,Canada,_edit,Group,1991-01-01,,false,United Kingdom,Canada
Luísa Sonza,Brazil,alternative pop,Person,1998-07-18,,false,Brazil,Brazil
"Jimmy P, Diogo Piçarra",Portugal,"",Person,1990-10-19,,false,Portugal,Portugal
Jüra,Poland,"","",,,false,Unknown,Poland
Clã,Portugal,"",Group,1992-11-01,,false,Unknown,Portugal
"Rihanna, Mikky Ekko",United States,"",Person,1984-12-17,,false,Unknown,United States
Mind Da Gap ,Portugal,"",Group,,,false,Unknown,Portugal
"The Script , Will.I.Am",United States,hip hop,Person,1975-03-15,,false,Unknown,United States
Diana Castro,Portugal,"",Person,,,false,United States of America,Portugal
"Carolina De Deus, António Zambujo",Portugal,ballade,Person,1975-09-19,,false,Unknown,Portugal
Flo Rida ,United States,pop rap,Person,1979-09-16,,false,United States of America,United States
Kool & The Gang,United States,funk,Group,1964-01-01,,false,Unknown,United States
Richie Campbell ,United States,country,Person,1936-04-22,2017-08-08,true,United Kingdom,United States
Estelle [+] Kanye West,United States,hip hop,Person,1977-06-08,,false,United Kingdom,United States
Ivandro ,Portugal,"",Person,1998-07-26,,false,Brazil,Portugal
Swedish House Mafia,Sweden,house,Group,2008-01-01,,false,Unknown,Sweden
Dj Topo,Spain,"",Group,1978-01-01,,false,Unknown,Spain
Tiesto Ft. Karol G,Colombia,reggaeton,Person,1991-02-14,,false,Kingdom of the Netherlands,Colombia
Michael Bublé,Canada,jazz,Person,1975-09-09,,false,Canada,Canada
Metro Boomin,United States,hip hop,Person,1993-09-16,,false,United States of America,United States
"Left, Jüra",Portugal,"",Person,,,false,Unknown,Portugal
"Pablo Alboran, Maria Becerra",Spain,pop,Person,1989-05-31,,false,Spain,Spain
Years & Years,United Kingdom,electropop,Group,2010-07-20,2023-12-16,true,Unknown,United Kingdom
Jovem Dionisio,Unknown,"","",,,false,Unknown,Unknown
Frank Ocean,United States,contemporary r&b,Person,1987-10-28,,false,United States of America,United States
Berlin,United States,new wave,Group,1978-01-01,,false,Unknown,United States
Ne-Yo,United States,contemporary r&b,Person,1979-10-18,,false,United States of America,United States
Temptations,United States,soul,Group,1960-01-01,,false,Unknown,United States
Jessie Ware,United Kingdom,contemporary r&b,Person,1984-10-15,,false,United Kingdom,United Kingdom
Internet Money,Unknown,emo rap,Group,,,false,Unknown,Unknown
Ckay,Nigeria,afrobeats,Person,,,false,Nigeria,Nigeria
Lady Gaga ,United States,pop,Person,1986-03-28,,false,United States of America,United States
Pedro Mafama,Portugal,"",Person,,,false,Portugal,Portugal
"Rema, Selena Gomez",United States,dance-pop,Person,1992-07-22,,false,Unknown,United States
"Murta, Jüra",Portugal,"",Person,,,false,Unknown,Portugal
Adriana Calcanhoto,Brazil,1990s,Person,1965-10-03,,false,Brazil,Brazil
Kate Bush,Unknown,art pop,Person,1958-07-30,,false,United Kingdom,United Kingdom
Karol G,Germany,schlager,Person,1949-12-04,,false,Colombia,Germany
Calema ,Sao Tome and Principe,"",Group,2011-01-01,,false,Unknown,Sao Tome and Principe
Pitbull,United States,dance-pop,Person,1981-01-15,,false,United States of America,United States
Lorde,New Zealand,pop,Person,1996-11-07,,false,New Zealand,New Zealand
Ana Bacalhau,Unknown,"",Person,1978-11-05,,false,Unknown,Unknown
Nirvana,United States,grunge,Group,1987-01-01,1994-04-05,true,Unknown,United States
The Paper Kites,Australia,folk,Group,2010-01-01,,false,Unknown,Australia
"Calum Scott, Leona Lewis",United Kingdom,contemporary r&b,Person,1985-04-03,,false,Unknown,United Kingdom
Beyoncé Feat. Jay-Z,United States,pop rap,Person,1969-12-04,,false,Unknown,United States
Jimin ,"Korea, Republic of",ballad,Person,1995-10-13,,false,South Korea,"Korea, Republic of"
"Coldplay Feat. Little Simz, Burna Boy, Elyanna & Tini",United States,southern rock,Group,1969-01-01,,false,Unknown,United States
Norah Jones,United States,vocal jazz,Person,1979-03-30,,false,United States of America,United States
Nico & Vinz,Norway,afrobeat,Group,2009-01-01,,false,Unknown,Norway
Keri Hilson Feat. Kanye West & Ne-Yo,United States,contemporary r&b,Person,1979-10-18,,false,United States of America,United States
"Hugel, Topic, Arash",Germany,dance,Person,1992-03-23,,false,Unknown,Germany
Deejay Rifox X Tia Vivix,Japan,"",Group,2004-02-21,,false,Unknown,Japan
Ana Castela & Agroplay,Brazil,dance-pop,Person,2003-11-16,,false,Brazil,Brazil
Juice Wrld,United States,hip hop,Person,1998-12-02,2019-12-08,true,United States of America,United States
"Max [Us], Gnash",United States,alternative r&b,Person,1993-06-16,,false,United States of America,United States
Luis Trigacheiro,Unknown,"",Person,,,false,Portugal,Portugal
"Nuno Ribeiro, Loony Johnson",Unknown,"",Person,,,false,Unknown,Unknown
Soraia Tavares,United States,disco,Group,1959-01-01,,false,Unknown,United States
Kenya Grace,United Kingdom,pop,Person,,,false,United Kingdom,United Kingdom
Twocolors X Safri Duo X Chris De Sarandy,Denmark,electronic,Group,1988-01-01,,false,Unknown,Denmark
Bad Bunny ,Puerto Rico,latin trap,Person,1994-03-10,,false,United States of America,Puerto Rico
Jonas Brothers,United States,teen pop,Group,2005-01-01,,false,Unknown,United States
Aragão,Brazil,mpb,Person,1949-01-03,,false,Brazil,Brazil
Eros Ramazzotti,Italy,pop,Person,1963-10-28,,false,Italy,Italy
Bruno Mars,United States,pop,Person,1985-10-08,,false,United States of America,United States
"Brandi Carlile, Sam Smith",United States,country,Person,1981-06-01,,false,United States of America,United States
Bizarrap & Quevedo,Unknown,latin trap,Person,2001-12-07,,false,Argentina,Argentina
Nickelback,Canada,hard rock,Group,1995-01-01,,false,Unknown,Canada
Sabrina Carpenter ,United States,pop,Person,1999-05-11,,false,United States of America,United States
"Pedro Abrunhosa, Sara Correia",Portugal,"",Person,1993-05-27,,false,Unknown,Portugal
A Great Big World / Christina Aguilera,United States,pop,Person,1980-12-18,,false,Unknown,United States
Ana Moura,Portugal,fado,Person,1979-01-01,,false,Portugal,Portugal
Justin Bieber,Canada,pop,Person,1994-03-01,,false,Canada,Canada
Beatriz Caixinha,Unknown,"",Person,,,false,Brazil,Brazil
Doja Cat,United States,hip hop,Person,1995-10-21,,false,United States of America,United States
Pink [+] Nate Ruess,United States,indie pop,Person,1982-02-26,,false,United States of America,United States
Usher Feat. Pitbull,United States,dance-pop,Person,1981-01-15,,false,Unknown,United States
Shakira [+] Alejandro Sanz,Spain,latin pop,Person,1968-12-18,,false,Spain,Spain
Chappel Roan,Unknown,"",Person,,,false,United States of America,United States of America
Lenny Kravitz,United States,rock,Person,1964-05-26,,false,United States of America,United States
Eric Clapton,United Kingdom,blues rock,Person,1945-03-30,,false,United Kingdom,United Kingdom
"Jp Saxe, Julia Michaels",United States,pop,Person,1993-11-13,,false,Canada,United States
Juliette,France,chanson française,Person,1927-02-07,2020-09-23,true,Unknown,France
21 Savage,United States,hip hop,Person,1992-10-22,,false,United States of America,United States
"Swedish House Mafia, The Weeknd",Canada,r&b,Person,1990-02-16,,false,Unknown,Canada
Nena [Pt],New Zealand,"",Person,1987-01-01,,false,Unknown,New Zealand
Amor Electro,Portugal,"",Group,2011-04-28,,false,Unknown,Portugal
Tommy Richman,Unknown,"",Person,2000-03-21,,false,United States of America,United States of America
Lauren Daigle,United States,christian,Person,1991-09-09,,false,United States of America,United States
Jay Sean,United Kingdom,contemporary r&b,Person,1981-03-26,,false,United Kingdom,United Kingdom
Gwen Stefani,United States,pop,Person,1969-10-03,,false,United States of America,United States
David Archuleta,United States,queer,Person,1990-12-28,,false,United States of America,United States
"Jacob Coller, Shawn Mendes, Stormzy",Canada,pop,Person,1998-08-08,,false,Unknown,Canada
Zzoilo,Spain,"",Person,2000-06-29,,false,Unknown,Spain
Barbara Bandeira Feat. Veigh,Brazil,hip hop,Person,2001-09-12,,false,Unknown,Brazil
Europe,Sweden,hard rock,Group,1982-01-01,,false,Unknown,Sweden
Post Malone ,United States,hip hop,Person,1995-07-04,,false,United States of America,United States
Vasco Palmeirim,Portugal,"",Person,,,false,Portugal,Portugal
Becky G,Germany,schlager,Person,1949-12-04,,false,United States of America,Germany
Fernando Daniel,Argentina,conductor,Person,1942-11-15,,false,Portugal,Argentina
Sara Bareilles,United States,classic pop and rock,Person,1979-12-07,,false,United States of America,United States
Casper Magico ,Puerto Rico,latin,Person,1989-06-21,,false,Unknown,Puerto Rico
Reamonn,Germany,pop rock,Group,1999-01-01,2012-01-01,true,Unknown,Germany
"Miguel Araujo, Os Quatro E Meia",Portugal,"",Group,2013-01-01,,false,Unknown,Portugal
Jack Harlow,United States,hip hop,Person,1998-03-13,,false,United States of America,United States
Yang,United States,crunk,Group,2000-01-01,,false,Unknown,United States
Passenger [Uk],United Kingdom,punk,Group,1977-01-01,,false,United Kingdom,United Kingdom
Luke Combs,United States,country,Person,1990-03-02,,false,United States of America,United States
Charlie Puth,United States,pop,Person,1991-12-02,,false,United States of America,United States
"Lady Gaga, Bradley Cooper",United States,pop,Person,1986-03-28,,false,Unknown,United States
Richie Campbell X Slow J X Lhast,United States,punk rock,Group,1977-01-01,,false,Portugal,United States
"Daft Punk, Pharrell Williams",United States,contemporary r&b,Person,1973-04-05,,false,Unknown,United States
Chris De Burgh,United Kingdom,soft rock,Person,1948-10-15,,false,Ireland,United Kingdom
Anitta,Brazil,funk,Person,1993-03-30,,false,Brazil,Brazil
"Calvin Harris, Dua Lipa",Unknown,dance-pop,Person,1995-08-22,,false,Unknown,Unknown
Ivandro Feat. Bispo,United States,southern rock,Group,1969-01-01,,false,Portugal,United States
Jamie Cullum,United Kingdom,jazz,Person,1979-08-20,,false,United Kingdom,United Kingdom
"Bruno Mars, Anderson .Paak, Silk Sonic, Thundercat, Bootsy Collins",United States,funk,Person,1951-10-26,,false,Unknown,United States
Beyoncã‰ Feat. Jay-Z,United States,pop rap,Person,1969-12-04,,false,Sweden,United States
David Carreira Feat. Kell Smith,Brazil,"",Person,1993-04-07,,false,Portugal,Brazil
Ivandro Feat. Van Zee,Germany,classical,Person,1770-12-17,1827-03-26,true,Portugal,Germany
Future & Metro Boomin Feat. Kendrick Lamar,United States,hip hop,Person,1993-09-16,,false,Unknown,United States
"Mary J. Blige, U2",Ireland,alternative rock,Group,1976-01-01,,false,Unknown,Ireland
"Chris Brown, Young Thug",United States,hip hop,Person,1991-08-16,,false,Unknown,United States
Seal,United Kingdom,pop,Person,1963-02-19,,false,Unknown,United Kingdom
Sebastian Yatra,Colombia,latin pop,Person,1994-10-15,,false,Colombia,Colombia
Calvin Harris X Rag N Bone Man,Unknown,blues,Person,1985-01-29,,false,Unknown,Unknown
"Rihanna, Calvin Harris",Unknown,dance-pop,Person,1984-01-17,,false,Scotland,Scotland
Wizkid Feat. Brent Faiyaz,United States,r&b,Person,1995-09-19,,false,Unknown,United States
Gladys Knight,United States,soul,Person,1944-05-28,,false,United States of America,United States
Eddie Vedder,Unknown,acoustic rock,Person,1964-12-23,,false,United States of America,United States of America
"Coldplay, Bts","Korea, Republic of",k-pop,Group,2013-06-13,,false,Unknown,"Korea, Republic of"
Drake Feat. Wizkid & Kyla,Nigeria,afropop,Person,1990-07-16,,false,Unknown,Nigeria
Madcon,Norway,hip hop,Group,1992-01-01,,false,Unknown,Norway
"Charlie Puth, Meghan Trainor",United States,pop,Person,1993-12-22,,false,Unknown,United States
Shawn Mendes & Camila Cabello,United States,pop,Person,1997-03-03,,false,Unknown,United States
"Madonna, Timbaland, Justin Timberlake",United States,pop,Person,1981-01-31,,false,Unknown,United States
Nuno Ribeiro Ft. Conan Osiris,Unknown,"",Person,1989-01-05,,false,Unknown,Unknown
Plutonio,Portugal,"",Person,,,false,Portugal,Portugal
Taylor Swift,United States,pop,Person,1989-12-13,,false,United States of America,United States
Lady Antebellum,Unknown,instrumental,Group,,,false,Unknown,Unknown
The Chainsmokers Feat. Halsey,United States,electro house,Group,2012-01-01,,false,Unknown,United States
"Mikkel Solnado, Joana Alegre",Portugal,"",Person,1985-01-01,,false,Unknown,Portugal
Pat Benatar,United States,rock,Person,1953-01-10,,false,United States of America,United States
Daft Punk [+] Pharrell Williams,United States,contemporary r&b,Person,1973-04-05,,false,Unknown,United States
"Marshmello, Manuel Turizo",Colombia,latin,Person,2000-04-12,,false,Unknown,Colombia
"Bianca Barros, Nuno Lanhoso, Rita Rocha",Portugal,"",Person,,,false,Unknown,Portugal
Justin Quiles ,Puerto Rico,latin,Person,1990-03-29,,false,United States of America,Puerto Rico
Duran Duran,United Kingdom,new wave,Group,1978-01-01,,false,Unknown,United Kingdom
Rihanna,United States,pop,Person,1988-02-20,,false,Barbados,United States
Take That,United Kingdom,pop,Group,1990-01-01,,false,Unknown,United Kingdom
"Carolina Deslandes, Rui Veloso",Portugal,"",Person,1957-07-30,,false,Portugal,Portugal
Ella Mai,United Kingdom,pop,Person,1994-11-03,,false,United Kingdom,United Kingdom
The Weeknd Ft Swedish House Mafia,Sweden,house,Group,2008-01-01,,false,Unknown,Sweden
Lizzo,United States,hip hop,Person,1988-04-27,,false,United States of America,United States
"Veigh, Bvga Beatz",Unknown,"",Person,,,false,Unknown,Unknown
Troye Sivan,Australia,pop,Person,1995-06-05,,false,Australia,Australia
"Nelly, Jahiem",United States,hip hop rnb and dance hall,Person,1978-05-26,,false,Unknown,United States
Teto,Japan,"",Group,2016-01-01,2022-01-01,true,Unknown,Japan
Mizzy Miles,United States,jazz,Person,1926-05-26,1991-09-28,true,Unknown,United States
Slow J,United Kingdom,author,Person,1965-07-31,,false,Portugal,United Kingdom
Passenger,Unknown,"","",,,,Unknown,Unknown
André Amaro,Unknown,"",Group,1986-01-01,,false,Portugal,Portugal
U2,Ireland,alternative rock,Group,1976-01-01,,false,Unknown,Ireland
D.A.M.A. Feat. Buba Espinho,Portugal,"",Person,,,false,Unknown,Portugal
Dermot Kennedy,Ireland,pop,Person,1991-12-13,,false,Ireland,Ireland
Karol G ,Germany,schlager,Person,1949-12-04,,false,Colombia,Germany
Taylor Swift Feat. Post Malone,United States,hip hop,Person,1995-07-04,,false,Unknown,United States
Timbaland [+] Onerepublic,United States,pop,Group,2004-01-01,,false,United States of America,United States
Riton,United Kingdom,dance,Person,1978-09-01,,false,Unknown,United Kingdom
6ix9ine ,United States,hip hop,Person,1996-05-08,,false,United States of America,United States
Chris Isaak,United States,pop rock,Person,1956-06-26,,false,United States of America,United States
Paramore,United States,pop rock,Group,2004-01-01,,false,Unknown,United States
Kygo Feat. Zak Abel & Nile Rodgers,United States,"",Person,1952-09-19,,false,Norway,United States
"Eminem, Rihanna",United States,pop,Person,1988-02-20,,false,Unknown,United States
"Calvin Harris, Rihanna",United States,pop,Person,1988-02-20,,false,Unknown,United States
Sétima Legião,Portugal,rock,Group,1982-01-01,,false,Unknown,Portugal
Humanos,Portugal,"",Group,2004-01-01,2006-01-01,true,Unknown,Portugal
Michael Buble,Canada,jazz,Person,1975-09-09,,false,Canada,Canada
Piso 21 ,Colombia,latin,Group,,,false,Unknown,Colombia
"Linkin Park, Jay Z",United States,pop rap,Person,1969-12-04,,false,Unknown,United States
Anna Nalick,United States,pop rock,Person,1984-03-30,,false,United States of America,United States
Sia And Kylie Minogue,Australia,dance-pop,Person,1968-05-28,,false,Unknown,Australia
Beyoncé,United States,pop,Person,1981-09-04,,false,United States of America,United States
Muse,United Kingdom,alternative rock,Group,1994-01-01,,false,Unknown,United Kingdom
Lady Gaga [+] Beyonce,United States,pop,Person,1986-03-28,,false,Unknown,United States
Pink,Unknown,progressive rock,Group,1965-01-01,2014-01-01,true,Unknown,Unknown
The Weeknd,Canada,r&b,Person,1990-02-16,,false,Canada,Canada
Cyril,France,"",Person,1962-01-01,,false,Unknown,France
Frances,United States,aln-sh,Person,1912-11-04,1991-11-08,true,Unknown,United States
Miguel,Spain,ballad,Person,1956-04-03,,false,Unknown,Spain
Frankie Goes To Hollywood,Canada,"",Group,1979-01-01,,true,Unknown,Canada
"Nelly Furtado, Reamonn",Canada,pop,Person,1978-12-02,,false,Ireland,Canada
Toni Braxton,United States,r&b,Person,1967-10-07,,false,United States of America,United States
Luan Santana,United States,latin rock,Group,1966-01-01,,false,Brazil,United States
Bonnie Tyler,United Kingdom,pop rock,Person,1951-06-08,,false,United Kingdom,United Kingdom
Rosalia,Spain,flamenco,Person,1992-09-25,,false,Spain,Spain
Major Lazer,Jamaica,dancehall,Group,2008-01-01,,false,Unknown,Jamaica
Wiz Khalifa Feat. Snoop Dogg & Bruno Mars,United States,hip hop,Person,1971-10-20,,false,Unknown,United States
Panic! At The Disco,United States,pop punk,Group,2004-01-01,2023-03-10,true,Unknown,United States
Billie Eilish,United States,alternative pop,Person,2001-12-18,,false,United States of America,United States
Tom Odell,United Kingdom,indie folk,Person,1990-11-24,,false,United Kingdom,United Kingdom
Sza,United States,contemporary r&b,Person,1989-11-08,,false,United States of America,United States
Matuê,Brazil,hip hop,Person,1993-10-11,,false,Brazil,Brazil
Ana Vilela Ft. David Carreira,Portugal,"",Person,1991-07-30,,false,Unknown,Portugal
The Kid Laroi,Australia,hip hop,Person,2003-08-16,,false,Australia,Australia
"Valas, Raquel Tavares",Portugal,fado,Person,1985-01-11,,false,Unknown,Portugal
Michael Jackson,United States,pop,Person,1958-08-29,2009-06-25,true,United States of America,United States
Mumford & Sons,United Kingdom,folk pop,Group,2007-12-01,,false,Unknown,United Kingdom
Joana Oliveira,Sweden,electronic,Person,,,false,Spain,Sweden
"Kelsea Ballerini, Noah Kahan",United States,folk pop,Person,1997-01-01,,false,Unknown,United States
Diogo Piçarra,Portugal,"",Person,1990-10-19,,false,Portugal,Portugal
Addison Rae,United States,pop,Person,2000-10-06,,false,United States of America,United States
"Wiz Khalifa, Charlie Puth",United States,pop,Person,1991-12-02,,false,Unknown,United States
"Jason Mraz, Colbie Caillat",United States,pop,Person,1985-05-28,,false,Unknown,United States
Sean Kingston,Jamaica,pop,Person,1990-02-03,,false,Jamaica,Jamaica
"Lmfao, Lauren Bennett , Goonrock",United States,"",Person,1975-04-18,,false,United Kingdom,United States
Fernando Daniel Ft. Melim,Brazil,"",Group,2015-01-01,,false,Unknown,Brazil
Gnarls Barkley,United States,alternative hip hop,Group,2006-01-01,,false,Unknown,United States
Joana Almeirante,Unknown,"","",,,false,Unknown,Unknown
Purple Disco Machine & Kungs,Germany,dance,Person,1980-02-12,,false,Germany,Germany
Ariana Grande,United States,pop,Person,1993-06-26,,false,United States of America,United States
Jax Jones & Zoe Wees,Germany,pop,Person,2002-05-13,,false,Germany,Germany
Michael Kiwanuka,United Kingdom,soul,Person,1987-05-03,,false,United Kingdom,United Kingdom
Creed,United States,alternative rock,Group,1995-01-01,,false,Unknown,United States
Charlie Jeer,Unknown,"",Person,,,false,Unknown,Unknown
Halsey,United States,alternative pop,Person,1994-09-29,,false,Unknown,United States
Luisa Sonza,Brazil,alternative pop,Person,1998-07-18,,false,Brazil,Brazil
Avicii,Sweden,progressive house,Person,1989-09-08,2018-04-20,true,Sweden,Sweden
Alok & Jess Glynne,United Kingdom,dance-pop,Person,1989-10-20,,false,Unknown,United Kingdom
Chris De Burg,United Kingdom,soft rock,Person,1948-10-15,,false,Ireland,United Kingdom
Dave,"","","",,,,Unknown,Unknown
Conan Gray,United States,ballad,Person,1998-12-05,,false,United States of America,United States
Rihanna Feat. Ne-Yo,United States,contemporary r&b,Person,1979-10-18,,false,Unknown,United States
"Nuno Ribeiro, Mariza, Calema",Portugal,world,Person,1973-12-16,,false,Unknown,Portugal
Matias Damásio,Angola,kizomba,Person,1982-05-09,,false,Angola,Angola
Becky G & Karol G,Colombia,reggaeton,Person,1991-02-14,,false,Colombia,Colombia
"Imagine Dragons, Elisa [It]",United States,alternative rock,Group,2008-01-01,,false,Unknown,United States
James Morrison,Unknown,folk rock,Person,1945-08-31,,false,United Kingdom,United Kingdom
"Diana Lima, Murta",Portugal,"",Person,,,false,Unknown,Portugal
Gnash & Olivia Obrien,United States,"",Person,1999-11-26,,false,Unknown,United States
Os Quatro E Meia,Portugal,"",Group,2013-01-01,,false,Unknown,Portugal
Ana Laura Lopes,Unknown,"",Person,,,false,Unknown,Unknown
Peggy Gou,Unknown,dance,Person,1991-07-03,,false,South Korea,South Korea
Joe Cocker,United Kingdom,rock,Person,1944-05-20,2014-12-22,true,United Kingdom,United Kingdom
Marshmello & Kane Brown,United States,country,Person,1993-10-21,,false,Unknown,United States
Mr Mister,United States,new wave,Group,1982-01-01,1989-01-01,true,Unknown,United States
Jung Kook,"Korea, Republic of",edm,Person,1997-09-01,,false,South Korea,"Korea, Republic of"
"Flo Rida, David Guetta",France,house,Person,1967-11-07,,false,Unknown,France
"Mr. Probz, Robin Schulz",Germany,dance-pop,Person,1987-04-28,,false,Unknown,Germany
The Lumineers,United States,americana,Group,2008-12-31,,false,Unknown,United States
Jason Mraz,United States,pop rock,Person,1977-06-23,,false,United States of America,United States
Counting Crows,United States,alternative rock,Group,1991-01-01,,false,Unknown,United States
Katseye,United States,girl group,Group,2023-11-18,,false,Unknown,United States
Nelly Furtado Feat. Timbaland,United States,contemporary r&b,Person,1972-03-10,,false,Unknown,United States
Fumaxa,Unknown,"","",,,false,Unknown,Unknown
Jay-Z Feat. Alicia Keys,United States,contemporary r&b,Person,1981-01-25,,false,Unknown,United States
Klepht,Portugal,"",Group,,,false,Unknown,Portugal
Xamã,Brazil,"",Person,,,false,Brazil,Brazil
David Carreira,Portugal,"",Person,1991-07-30,,false,Portugal,Portugal
Dean Lewis,United States,rockabilly,Person,1935-09-29,2022-10-28,true,Australia,United States
Bianca Barros,Unknown,"","",,,false,Unknown,Unknown
Bebe Rexha,United States,pop,Person,1989-08-30,,false,United States of America,United States
"Anjos, Nuno Ribeiro",Portugal,"",Person,,,false,Portugal,Portugal
Calema,Sao Tome and Principe,"",Group,2011-01-01,,false,Unknown,Sao Tome and Principe
Emeli Sande,United Kingdom,contemporary r&b,Person,1987-03-10,,false,United Kingdom,United Kingdom
Dave Matthews Band,United States,rock,Group,1991-01-01,,false,Unknown,United States
Black Eyed Peas X Ozuna X J. Rey Soul,United States,hip hop,Group,1995-01-01,,false,Unknown,United States
Calvin Harris Feat. John Newman,Unknown,pop,Person,1990-06-16,,false,Unknown,Unknown
Oasis,United Kingdom,alternative rock,Group,1991-01-01,,false,Unknown,United Kingdom
Anavitoria Ft. Diogo Piçarra,Portugal,"",Person,1990-10-19,,false,Unknown,Portugal
Gavin James,United States,soul,Person,1933-05-03,2006-12-25,true,Unknown,United States
"Ariana Grande, Justin Bieber",Canada,pop,Person,1994-03-01,,false,Unknown,Canada
Camila Cabello,United States,pop,Person,1997-03-03,,false,Cuba,United States
"Rag'N'Bone Man, Pink",Unknown,progressive rock,Group,1965-01-01,2014-01-01,true,United Kingdom,United Kingdom
Demi Lovato,United States,pop,Person,1992-08-20,,false,United States of America,United States
"John Mayer, Katy Perry",United States,pop,Person,1984-10-25,,false,Unknown,United States
Pop Smoke ,United States,hip hop,Person,1999-07-20,2020-02-19,true,United States of America,United States
Glass Animals,United Kingdom,electronic,Group,2010-01-01,,false,Unknown,United Kingdom
Adriana Calcanhotto,Brazil,1990s,Person,1965-10-03,,false,Brazil,Brazil
"Bluay, Irina Barros",Finland,pop,Person,1975-05-10,,false,Unknown,Finland
Kygo Ft. Selena Gomez,United States,dance-pop,Person,1992-07-22,,false,Unknown,United States
"Timbaland, Onerepublic",United States,pop,Group,2004-01-01,,false,Unknown,United States
Crowded House,Australia,alternative rock,Group,1985-01-01,,false,Unknown,Australia
Mary J. Blige,United States,contemporary r&b,Person,1971-01-11,,false,United States of America,United States
"Madcon, Ray Dalton",Unknown,gospel,Person,1991-05-10,,false,Unknown,Unknown
Salvador Sobral,Portugal,jazz,Person,1989-12-28,,false,Portugal,Portugal
Black Eyed Peas,United States,hip hop,Group,1995-01-01,,false,Unknown,United States
Maneskin,Italy,pop rock,Group,2016-01-01,,false,Unknown,Italy
Joel Corry,Unknown,dance,Person,1989-06-10,,false,United Kingdom,United Kingdom
Mae Stephens,Unknown,"",Person,2003-03-24,,false,United Kingdom,United Kingdom
Bzrp ,"","","",,,,Argentina,Argentina
Alicia Keys,"","","",,,,United States of America,United States of America
Gavin Rossdale,United Kingdom,british,Person,1965-10-30,,false,United Kingdom,United Kingdom
Floyymenor,Unknown,"","",,,false,Chile,Chile
Gayle,United States,country pop,Person,1951-01-09,,false,Unknown,United States
Carly Rae Jepsen,Canada,pop,Person,1985-11-21,,false,Canada,Canada
Bispo Feat. Julinho Ksd,Portugal,"",Person,,,false,Unknown,Portugal
Alex Warren,United Kingdom,"",Person,1962-07-04,,false,United States of America,United Kingdom
Post Malone & Swae Lee,United States,hip hop,Person,1993-06-07,,false,Unknown,United States
"Nuno Ribeiro, Calema, Mariza",Portugal,world,Person,1973-12-16,,false,Unknown,Portugal
Calvin Harris & Sam Smith,United Kingdom,pop,Person,1992-05-19,,false,Unknown,United Kingdom
Virgul,Portugal,"",Person,1979-08-07,,false,Unknown,Portugal
Matue & Veigh,Brazil,hip hop,Person,2001-09-12,,false,Unknown,Brazil
Lil Uzi Vert ,United States,hip hop,Person,1995-07-31,,false,United States of America,United States
Leela James,United States,soul,Person,1933-05-03,2006-12-25,true,United States of America,United States
Karol G. X Nicki Minaj,United States,hip hop,Person,1982-12-08,,false,Unknown,United States
Jessie J,United Kingdom,author,Person,1965-07-31,,false,United Kingdom,United Kingdom
The Weeknd Feat. Anitta,Canada,r&b,Person,1990-02-16,,false,Brazil,Canada
Caetano Veloso,Brazil,mpb,Person,1942-08-07,,false,Brazil,Brazil
Katy Perry,United States,pop,Person,1984-10-25,,false,United States of America,United States
Jason Derulo,United States,pop,Person,1989-09-21,,false,United States of America,United States
"Nena [Pt], Joana Almeirante",Unknown,"","",,,false,Unknown,Unknown
"Pitbull Feat. Ne-Yo, Afrojack & Nayer",Netherlands,house,Person,1987-09-09,,false,Unknown,Netherlands
Mike Posner,United States,electropop,Person,1988-02-12,,false,United States of America,United States
Julia Michaels,United States,pop,Person,1993-11-13,,false,United States of America,United States
Lost Frequencies & Bastille,United Kingdom,pop rock,Group,2010-01-01,,false,Unknown,United Kingdom
Mike11,Portugal,"",Person,,,false,Unknown,Portugal
Owl City,United States,pop,Person,1986-07-05,,false,Unknown,United States
Linkin Park,United States,nu metal,Group,1996-01-01,,false,Unknown,United States
Dababy,United States,hip hop,Person,1991-12-22,,false,United States of America,United States
Ana Moura Ft. Pedro Máfama,Portugal,"",Person,,,false,Unknown,Portugal
Birdy,United Kingdom,pop,Person,1996-05-15,,false,Unknown,United Kingdom
"Quincy Jones, Tevin Campbell",United States,soul,Person,1976-11-12,,false,United States of America,United States
Sara Correia,Portugal,"",Person,1993-05-27,,false,Portugal,Portugal
Enrique Iglesias Ft. Pitbull,United States,dance-pop,Person,1981-01-15,,false,Unknown,United States
Riton X Nightcrawlers Ft. Mufasa E Hypeman,Unknown,"",Group,,,false,Unknown,Unknown
Israel Kamakawiwoole,Unknown,hawaiian music,Person,1959-05-20,1997-06-26,true,United States of America,United States of America
Elton John [+] George Michael,United Kingdom,pop,Person,1947-03-25,,false,Unknown,United Kingdom
Nicki Minaj ,United States,hip hop,Person,1982-12-08,,false,Trinidad and Tobago,United States
Future ,United States,hip hop,Person,1983-11-20,,false,Unknown,United States
Post Malone Feat. 21 Savage,United States,hip hop,Person,1992-10-22,,false,Unknown,United States
Myles Smith,United States,indie folk,Person,1969-08-06,2003-10-21,true,United Kingdom,United States
Luisa Sonza Feat. Kayblack,Brazil,alternative pop,Person,1998-07-18,,false,Unknown,Brazil
Carlao,Portugal,hip hop,Person,1975-07-20,,false,Unknown,Portugal
Olivia Rodrigo ,United States,pop,Person,2003-02-20,,false,United States of America,United States
Jay Sean Feat. Lil Wayne,United States,gangsta rap,Person,1982-09-27,,false,Unknown,United States
"Bárbara Tinoco, Bárbara Bandeira",Unknown,"",Person,1998-11-16,,false,Portugal,Portugal
"Ed Sheeran, Taylor Swift",United States,pop,Person,1989-12-13,,false,Unknown,United States
Cyril & Maryjo,Unknown,"",Person,,,false,Unknown,Unknown
"Maninho, Marisa Liz",Portugal,"",Person,1982-01-01,,false,Unknown,Portugal
Naill Horan,Ireland,pop,Person,1993-09-13,,false,Unknown,Ireland
Travis Scott,United States,hip hop,Person,1991-04-30,,false,United States of America,United States
Matt Simons,United States,"",Person,1987-02-20,,false,United States of America,United States
Bryan Adams [+] Rod Stewart [+] Sting,United Kingdom,blues rock,Person,1945-01-10,,false,Unknown,United Kingdom
Alison Moyet,United Kingdom,pop,Person,1961-06-18,,false,France,United Kingdom
Craig David,Unknown,art rock,Person,1947-01-08,2016-01-10,true,United Kingdom,United Kingdom
Dj Dadda,Sweden,"",Person,,,false,Portugal,Sweden
"Paulo Gonzo, Lúcia Moniz",Portugal,pop rock,Person,1976-09-09,,false,Unknown,Portugal
J Balvin,Colombia,reggaeton,Person,1985-05-07,,false,Colombia,Colombia
Eminem ,United States,hip hop,Person,1972-10-17,,false,United States of America,United States
India.Arie,United States,acoustic,Person,1975-10-03,,false,United States of America,United States
Polo G,Germany,schlager,Person,1949-12-04,,false,United States of America,Germany
"Coldplay, Little Simz, Tini, Burna Boy, Elyanna",United Kingdom,hip hop,Person,1994-02-23,,false,United Kingdom,United Kingdom
"Justin Bieber, Benny Blanco",Canada,pop,Person,1994-03-01,,false,Unknown,Canada
"Megan Trainor, John Legend",United States,soul,Person,1978-12-28,,false,United States of America,United States
Artemas,United Kingdom,"",Person,1999-09-23,,false,United Kingdom,United Kingdom
Guga,Brazil,"",Person,,,false,Unknown,Brazil
Bad Bunny & Jhay Cortez,Puerto Rico,reggaeton,Person,1993-04-09,,false,Unknown,Puerto Rico
"Riton, Nightcrawlers, Mufasa, Hyperman",United Kingdom,british,Group,1992-01-01,,false,Unknown,United Kingdom
Bia Caboz,Unknown,"","",,,false,Unknown,Unknown
Liam Payne Feat. Quavo,United States,hip hop,Person,1991-04-02,,false,Unknown,United States
Kygo & Ava Max,United States,pop,Person,1994-02-16,,false,Unknown,United States
Marshmello & Manuel Turizo,Colombia,latin,Person,2000-04-12,,false,Unknown,Colombia
Calvin Harris Feat. Rihanna,United States,pop,Person,1988-02-20,,false,Unknown,United States
Murta Feat Jura,United States,southern rock,Group,1969-01-01,,false,Unknown,United States
"Travie Mccoy, Bruno Mars",United States,pop,Person,1985-10-08,,false,Unknown,United States
Ava Max,United States,pop,Person,1994-02-16,,false,United States of America,United States
"Bispo, Bárbara Tinoco",Unknown,"",Person,1998-11-16,,false,Unknown,Unknown
Mc Daniel,Argentina,conductor,Person,1942-11-15,,false,United States of America,Argentina
The Weeknd Feat. Kendrick Lamar,United States,hip hop,Person,1987-06-17,,false,Unknown,United States
"Ariana Grande, Brandy, Monica",United States,pop,Person,1993-06-26,,false,Unknown,United States
"D.A.M.A, Los Romeros",Spain,"",Group,1960-01-01,,false,El Salvador,Spain
Olivia Rodrigo,United States,pop,Person,2003-02-20,,false,United States of America,United States
Britney Spears,United States,pop,Person,1981-12-02,,false,United States of America,United States
The Script [+] Will.I.Am,United States,hip hop,Person,1975-03-15,,false,Unknown,United States
"Dengaz, Matay, Di Noise",Portugal,"",Person,,,false,Unknown,Portugal
Mos Def ,United Kingdom,hard rock,Group,1977-01-01,,false,United States of America,United Kingdom
Nelly [+] Kelly Roland,United States,contemporary r&b,Person,1981-02-11,,false,Unknown,United States
"Syro, Bispo","","","",,,,Unknown,Unknown
"Miguel Carmona, Rita Rocha",Unknown,"",Person,2006-08-08,,false,Unknown,Unknown
Vanessa Da Mata [+] Ben Harper,United States,rock,Person,1969-10-28,,false,Brazil,United States
Mario,United States,"",Person,1921-01-31,1959-10-07,true,Mushroom Kingdom,United States
Khalid & Normani,United States,"",Person,1996-05-31,,false,United States of America,United States
Maro,Portugal,eurovision 2022 artists,Person,1994-10-30,,false,Unknown,Portugal
"Jessie Murph, Teddy Swims",United States,alternative rock,Person,1992-09-25,,false,Unknown,United States
Lady Gaga [+] Colby O`Donis,United States,pop,Person,1986-03-28,,false,Unknown,United States
Nicky Jam ,United States,grunge,Group,1990-01-01,,false,United States of America,United States
Milly ,Italy,"",Person,1905-02-06,1980-09-22,true,Australia,Italy
Kelly Clarkson,United States,pop,Person,1982-04-24,,false,United States of America,United States
David Guetta + Onerepublic,United States,pop,Group,2004-01-01,,false,Unknown,United States
Plain White T'S,United States,alternative rock,Group,1997-01-01,,false,Unknown,United States
Elton John & Dua Lipa,Unknown,dance-pop,Person,1995-08-22,,false,Unknown,Unknown
Mc Livinho,Brazil,"",Person,1994-11-11,,false,Brazil,Brazil
Mafalda Veiga,Portugal,folk,Person,1965-12-24,,false,Portugal,Portugal
Pedro Sampaio & Gasparzinho,Brazil,"",Group,,,false,Unknown,Brazil
D.A.M.A,Unknown,"","",,,false,Unknown,Unknown
"Pedro Abrunhosa, Camané",Portugal,fado,Person,1966-12-20,,false,Unknown,Portugal
Jão,Brazil,pop,Person,1994-11-03,,false,Brazil,Brazil
Raye Feat. 070 Shake,United States,2010s,Person,1997-06-13,,false,Unknown,United States
Liam Payne,Unknown,death by fall,Person,1993-08-29,2024-10-16,true,United Kingdom,United Kingdom
"Nena, Joana Almeirante",Unknown,"","",,,false,Unknown,Unknown
"The Weeknd, Playboi Carti","","","",,,,Unknown,Unknown
Phil Collins,United Kingdom,soft rock,Person,1951-01-30,,false,United Kingdom,United Kingdom
Pharrell Williams,United States,contemporary r&b,Person,1973-04-05,,false,United States of America,United States
Megan Thee Stalion & Dua Lipa,Unknown,dance-pop,Person,1995-08-22,,false,Unknown,Unknown
Kate Winslet,United Kingdom,actor,Person,1975-10-05,,false,United Kingdom,United Kingdom
Liquideep,Unknown,house,Group,,,false,Unknown,Unknown
Hozier,Ireland,blues rock,Person,1990-03-17,,false,Ireland,Ireland
"Ivandro, Julinho Ksd",Portugal,"",Person,,,false,Unknown,Portugal
Mc Davi,Unknown,"",Person,,,false,Brazil,Brazil
Justin Timberlake,United States,pop,Person,1981-01-31,,false,United States of America,United States
Megan Thee Stallion,United States,hip hop,Person,1995-02-15,,false,United States of America,United States
Dido,United Kingdom,pop,Person,1971-12-25,,false,Phoenicia,United Kingdom
"Stephen Sanchez, Em Beihold",United States,pop,Person,1999-01-21,,false,United States of America,United States
Luan Pereira,Brazil,"",Person,,,false,Brazil,Brazil
Roxy Music,United Kingdom,art rock,Group,1971-01-01,,false,Unknown,United Kingdom
Bruce Springsteen,United States,rock,Person,1949-09-23,,false,United States of America,United States
"Sam Smith, Alicia Keys",United States,contemporary r&b,Person,1981-01-25,,false,Unknown,United States
Amy Macdonald,United Kingdom,folk rock,Person,1987-08-25,,false,United Kingdom,United Kingdom
Marshmello,United States,edm,Person,1992-05-19,,false,United States of America,United States
Walk The Moon,United States,pop rock,Group,2008-03-06,,false,Unknown,United States
Domingues,Portugal,"","",,,false,Mozambique,Portugal
Beyoncã‰ & Shakira,Colombia,pop,Person,1977-02-02,,false,Unknown,Colombia
D4vd,United States,alternative r&b,Person,2005-03-28,,false,United States of America,United States
Carminho,Portugal,fado,Person,1984-08-20,,false,Portugal,Portugal
Gims,France,french hip hop,Person,1986-05-06,,false,Democratic Republic of the Congo,France
The Weeknd Ft. Daft Punk,France,electronic,Group,1993-01-01,2021-02-22,true,Unknown,France
Miley Cyrus,United States,pop,Person,1992-11-23,,false,United States of America,United States
Alan Walker,Norway,electronic,Person,1997-08-24,,false,Norway,Norway
Pink & Willow Sage Heart,United States,rock,Group,1973-01-01,,false,United States of America,United States
Rihanna Feat. Calvin Harris,Unknown,dance-pop,Person,1984-01-17,,false,Unknown,Unknown
Avicii Feat. Aloe Blacc,United States,contemporary r&b,Person,1979-01-07,,false,Unknown,United States
Van Zee,Germany,classical,Person,1770-12-17,1827-03-26,true,Unknown,Germany
Soraia Ramos,Portugal,"","",,,false,Unknown,Portugal
Shaggy Feat. Rayvon,Unknown,dancehall,Person,1968-01-01,,false,Unknown,Unknown
Zucchero [+] Paul Young,United Kingdom,blue-eyed soul,Person,1956-01-17,,false,Unknown,United Kingdom
Gigi Perez,Unknown,queer,Person,,,false,United States of America,United States of America
Barbara Bandeira Feat. Ivandro,Portugal,"",Person,1998-07-26,,false,Portugal,Portugal
Kings Of Leon,United States,alternative rock,Group,1999-01-01,,false,Unknown,United States
Bizarrap,Argentina,pop,Person,1998-01-01,,false,Argentina,Argentina
Akon,Senegal,hip hop,Person,1973-04-16,,false,Senegal,Senegal
Post Malone & Morgan Wallen,United States,country,Person,1993-05-13,,false,Unknown,United States
Amber Mark,United Kingdom,rock,Person,1949-08-12,,false,Unknown,United Kingdom
Rema & Selena Gomez,United States,dance-pop,Person,1992-07-22,,false,Unknown,United States
"The Weeknd, Jennie, Lily-Rose Depp",United States,"",Person,1999-05-27,,false,United States of America,United States
Justin Timberlake [+] Nelly Furtado,Canada,pop,Person,1978-12-02,,false,Canada,Canada
Kodaline,Ireland,alternative rock,Group,2011-01-01,,false,Unknown,Ireland
"Post Malone, Morgan Wallen",United States,country,Person,1993-05-13,,false,Unknown,United States
"Lady Gaga, Colby Odonis",United States,contemporary r&b,Person,1989-03-14,,false,United States of America,United States
Xavi ,Unknown,"",Person,,,false,Unknown,Unknown
Matheus Paraizo,France,"",Group,1991-01-01,,false,Unknown,France
S. Pedro,Mexico,latin,Person,1917-11-18,1957-04-15,true,Brazil,Mexico
Alexandra Stan,Romania,electropop,Person,1989-06-10,,false,Romania,Romania
Christopher Cross,United States,soft rock,Person,1951-05-03,,false,United States of America,United States
Mizzy Miles Feat. Van Zee & Bispo,United States,jazz,Person,1926-05-26,1991-09-28,true,Portugal,United States
The Weeknd Feat. Playboi Carti & Madonna,United States,hip hop,Person,1996-09-13,,false,Unknown,United States
Kylie Minogue,Australia,dance-pop,Person,1968-05-28,,false,Australia,Australia
Noble,United Kingdom,jazz,Group,,,true,Unknown,United Kingdom
Corinne Bailey Rae,United Kingdom,soul,Person,1979-02-26,,false,United Kingdom,United Kingdom
Pedro Sampaio Feat. Mc Pedrinho,Unknown,"",Person,,,false,Brazil,Brazil
Sophie Ellis-Bextor,United Kingdom,dance-pop,Person,1979-04-10,,false,United Kingdom,United Kingdom
Álvaro De Luna,Unknown,"","",,,false,Crown of Castile,Crown of Castile
Ivete Sangalo,Brazil,axé,Person,1972-05-27,,false,Brazil,Brazil
Daniel Powter,Canada,pop,Person,1971-02-25,,false,Canada,Canada
Elas,Portugal,"",Group,2019-09-29,2020-06-07,true,Unknown,Portugal
"Kali Uchis, Peso Pluma",Mexico,corrido tumbado,Person,1999-07-15,,false,Mexico,Mexico
"Duncan Laurence, Fletcher",United Kingdom,"",Person,,,false,Kingdom of the Netherlands,United Kingdom
Patti Labelle [+] Michael Mcdonald,United States,2008 universal fire victim,Person,1944-05-24,,false,Unknown,United States
Jaymes Young,Canada,folk rock,Person,1945-11-12,,false,United States of America,Canada
Heróis Do Mar,Portugal,new wave,Group,1981-03-01,1990-01-01,true,Unknown,Portugal
Jvke,United States,alternative pop,Person,2001-03-01,,false,United States of America,United States
Kappa Jotta,Unknown,"",Person,,,false,Portugal,Portugal
Florito,Unknown,"","",,,false,Unknown,Unknown
"Miguel Araújo, António Zambujo",Portugal,ballade,Person,1975-09-19,,false,Portugal,Portugal
"H.E.R., Bryson Tiller",United States,contemporary r&b,Person,1993-01-02,,false,United States of America,United States
Rita Rocha,Unknown,"",Person,2006-08-08,,false,Unknown,Unknown
Bárbara Bandeira ,Portugal,"",Person,,,false,Portugal,Portugal
Tatiana Duarte,Portugal,"",Person,1980-11-20,,false,Unknown,Portugal
Simply Red,United Kingdom,blue-eyed soul,Group,1985-01-01,,false,Unknown,United Kingdom
Pablo Alborán,Spain,pop,Person,1989-05-31,,false,Spain,Spain
Frankieontheguitar,Portugal,"",Person,,,false,Unknown,Portugal
Gnr,Portugal,pop rock,Group,1980-09-01,,false,Unknown,Portugal
Bryant Barnes,Australia,aln-sh,Person,1956-04-28,,false,United States of America,Australia
Barbara Bandeira,Portugal,"",Person,,,false,Portugal,Portugal
"Mizzy Miles, Bispo, Van Zee",United States,jazz,Person,1926-05-26,1991-09-28,true,Portugal,United States
Vários: Homenagem Rc Aos Xutos & Pontapés,Portugal,new wave,Group,1978-12-20,,false,Unknown,Portugal
Ashe,United States,indie folk,Person,1993-04-24,,false,Unknown,United States
Natiruts [+] Monica Ferraz,Portugal,"",Person,1980-03-23,,false,Unknown,Portugal
Latte,Italy,"",Group,1997-01-01,,false,Unknown,Italy
"Matias Damásio, D.A.M.A.",Angola,kizomba,Person,1982-05-09,,false,Unknown,Angola
"Bruno Mars & Anderson Paak, Silk Sonic",United States,r&b,Person,1986-02-08,,false,Unknown,United States
"Beyoncé, Jay Z",United States,pop rap,Person,1969-12-04,,false,Unknown,United States
The Cure,United Kingdom,post-punk,Group,1977-01-01,,false,Unknown,United Kingdom
Damien Rice,Ireland,folk,Person,1973-12-07,,false,Ireland,Ireland
David Guetta X Girl On Couch X Billen Ted,Unknown,"",Group,,,false,Unknown,Unknown
Sech ,Panama,latin,Person,1993-12-03,,false,Unknown,Panama
The Weeknd Feat. Daft Punk,France,electronic,Group,1993-01-01,2021-02-22,true,Unknown,France
David Bowie,Unknown,art rock,Person,1947-01-08,2016-01-10,true,United Kingdom,United Kingdom
"Disturbed, Cyril Remix",Latvia,latvian,Group,1985-01-01,1992-01-01,true,Unknown,Latvia
The Gift,Portugal,"",Group,1994-01-01,,false,Unknown,Portugal
Nuno Ribeiro Ft. Ainoa Buitrago,Spain,"",Person,,,false,Unknown,Spain
Dj Snake,France,dance,Person,1986-06-13,,false,France,France
Elton John,United Kingdom,pop,Person,1947-03-25,,false,United Kingdom,United Kingdom
Prince And The Revolution,United States,funk,Person,1958-06-07,2016-04-21,true,Unknown,United States
J Balvin ,Colombia,reggaeton,Person,1985-05-07,,false,Colombia,Colombia
Chappell Roan,United States,queer,Person,1998-02-19,,false,United States of America,United States
James Arthur,United Kingdom,_consistency,Person,1859-05-22,1930-07-07,true,United Kingdom,United Kingdom
Dillaz Feat. Julinho Ksd,Portugal,"",Person,,,false,Unknown,Portugal
"Christopher, Griff",United Kingdom,alternative pop,Person,2001-01-21,,false,United Kingdom,United Kingdom
Damiano David,Unknown,art rock,Person,1947-01-08,2016-01-10,true,Italy,Italy
Música De Natal - 2023,Unknown,special purpose artist,Other,,,false,Brazil,Brazil
Topic Ft. A7s,Sweden,vocal house,Person,1994-05-03,,false,Sweden,Sweden
Tate Mcrae,Canada,pop,Person,2003-07-01,,false,Canada,Canada
"Bispo, Julinho Ksd",Portugal,"",Person,,,false,Unknown,Portugal
Justin Timberlake Feat. T.I.,United States,pop,Person,1981-01-31,,false,Unknown,United States
Grande Pulsar,France,progressive rock,Group,1974-01-01,,false,Unknown,France
Axwell & Ingrosso,Sweden,"",Group,2014-01-01,,false,Unknown,Sweden
"Karol G., Feid, Dfzm, Ovy On The Drums, J Balvin, Maluma, Blessed & Ryan Castro",Colombia,latin,Person,,,false,Unknown,Colombia
Limp Bizkit,United States,nu metal,Group,1994-01-01,,false,Unknown,United States
The Pussycat Dolls,United States,dance-pop,Group,2003-01-01,2021-01-01,true,Unknown,United States
James Blunt,United Kingdom,pop rock,Person,1974-02-22,,false,United Kingdom,United Kingdom
"Tyla, Gunna & Skillibeng",Unknown,drill,"",,,false,Unknown,Unknown
"Adam Port, Styv, Keinemusik, Orso, Malachii",Unknown,"",Group,,,false,Unknown,Unknown
Eminem,United States,hip hop,Person,1972-10-17,,false,United States of America,United States
Maroon 5,United States,pop,Group,2002-01-01,,false,Unknown,United States
The Kid Laroi Feat. Justin Bieber,Canada,pop,Person,1994-03-01,,false,Unknown,Canada
Toranja,Unknown,"",Group,,,false,Unknown,Unknown
Mc Livinho & Dj Matt D,Brazil,"",Person,1994-11-11,,false,Unknown,Brazil
Zero 7,United Kingdom,downtempo,Group,1997-01-01,,false,Unknown,United Kingdom
Gims ,France,french hip hop,Person,1986-05-06,,false,Democratic Republic of the Congo,France
Grelo ,Unknown,"",Person,,,false,Canada,Canada
"Ed Sheeran, Justin Bieber",Canada,pop,Person,1994-03-01,,false,Unknown,Canada
Florence And The Machine,United Kingdom,indie rock,Group,2007-01-01,,false,Unknown,United Kingdom
"Fergie, Will.I.Am",United States,hip hop,Person,1975-03-15,,false,Unknown,United States
"Taylor Swift, Post Malone",United States,hip hop,Person,1995-07-04,,false,Unknown,United States
Rádio Macau,Portugal,"",Group,1983-01-01,,false,Unknown,Portugal
Ivandro & Vitor Kley,Brazil,"",Person,1994-08-18,,false,Unknown,Brazil
Mizzy Miles Feat. T-Rex & Zara G.,United Kingdom,glam rock,Group,1967-01-01,1977-09-16,true,Unknown,United Kingdom
Edward Maya,Romania,deep house,Person,1986-06-29,,false,Romania,Romania
Boyz Ii Men,United States,pop,Group,1988-01-01,,false,Unknown,United States
Capital Cities,United States,electronic,Group,2009-01-01,,false,Unknown,United States
Rauw Alejandro,Puerto Rico,latin,Person,1993-01-10,,false,United States of America,Puerto Rico
Jade,United States,ambient,Person,,,false,Unknown,United States
"David Guetta, Bebe Rexha",United States,pop,Person,1989-08-30,,false,Unknown,United States
Finneas,United States,indie pop,Person,1997-07-30,,false,United States of America,United States
Profjam,Portugal,"",Person,,,false,Portugal,Portugal
Rudimental X Skepsis Feat. Charlotte Plank & Riko Dan,Unknown,drum and bass,Person,2001-01-01,,false,Unknown,Unknown
Jamiroquai,United Kingdom,acid jazz,Group,1992-01-01,,false,Unknown,United Kingdom
"James Morrison, Nelly Furtado",Canada,pop,Person,1978-12-02,,false,Canada,Canada
Destiny'S Child,United States,pop,Group,1990-01-01,2006-01-01,true,Unknown,United States
Nelson Freitas,Portugal,cabo zouk kizomba,Person,,,false,Unknown,Portugal
Labrinth [+] Emeli Sande,United Kingdom,contemporary r&b,Person,1987-03-10,,false,United Kingdom,United Kingdom
Riton X Nightcrawlers Feat. Mufasa & Hypeman,Unknown,"",Group,,,false,Unknown,Unknown
"Nelly, Kelly Rowland",United States,contemporary r&b,Person,1981-02-11,,false,Unknown,United States
Spandau Ballet,United Kingdom,new wave,Group,1979-01-01,1990-01-01,true,Unknown,United Kingdom
Miguel Carmona Ft. Rita Rocha,Unknown,"",Person,2006-08-08,,false,Brazil,Brazil
Silence 4,Portugal,"",Group,1995-01-01,,false,Unknown,Portugal
Feid,Colombia,latin,Person,1992-08-19,,false,Colombia,Colombia
Bispo Feat. Ivandro,Portugal,"",Person,1998-07-26,,false,Portugal,Portugal
Tribalistas,Brazil,mpb,Group,2002-01-01,,false,Unknown,Brazil
Frankieontheguitar Feat. Ivandro & Slow J.,Portugal,"",Person,1998-07-26,,false,Unknown,Portugal
The Weeknd Feat. Future,Canada,r&b,Person,1990-02-16,,false,Unknown,Canada
Billie Eilish Feat. Khalid,United States,alternative pop,Person,2001-12-18,,false,Unknown,United States
Joe Cocker [+] Jennifer Warnes,United States,pop,Person,1947-03-03,,false,United States of America,United States
Delfins,Unknown,"",Group,1981-01-01,,true,Unknown,Unknown
Agroplay,"","","",,,,Mexico,Mexico
Atoa & Grupo Academico Seistetos,Unknown,special purpose artist,Other,,,false,Unknown,Unknown
Alessia Cara,Canada,contemporary r&b,Person,1996-07-11,,false,Italy,Canada
"Alicia Keys, Bono",United States,contemporary r&b,Person,1981-01-25,,false,Ireland,United States
"Ivandro, Vitor Kley",Brazil,"",Person,1994-08-18,,false,Unknown,Brazil
Mr Big,United States,hard rock,Group,1988-01-01,2024-08-23,true,Unknown,United States
Bzrp,"","","",,,,Argentina,Argentina
Maroon 5 Feat. Future,United States,pop,Group,2002-01-01,,false,Unknown,United States
Paul Mccartney,United Kingdom,pop,Person,1942-06-18,,false,United Kingdom,United Kingdom
Dove Cameron,United States,pop,Person,1996-01-15,,false,United States of America,United States
Kappa Jotta Feat. Mun,United States,southern rock,Group,1969-01-01,,false,Unknown,United States
Michael Marcagi Feat. Joy Oladokun,United States,folk,Person,,,false,Unknown,United States
Zayn,Unknown,pop,Person,1993-01-12,,false,United Kingdom,United Kingdom
Galantis,Sweden,progressive house,Group,2012-03-01,,false,Unknown,Sweden
Da Weasel,Portugal,rock,Group,1993-01-01,,true,Unknown,Portugal
Bárbara Bandeira,Portugal,"",Person,,,false,Portugal,Portugal
"Usher, Lil Jon & Ludracris",United States,hip hop,Person,1971-01-17,,false,Unknown,United States
Michele Morrone,Italy,"",Person,1990-10-03,,false,Italy,Italy
"Imagine Dragons, Baker Boy",United States,alternative rock,Group,2008-01-01,,false,Unknown,United States
Blocboy Jb ,United States,hip hop,Person,1996-05-19,,false,United States of America,United States
João Só E Abandonados,Unknown,"",Group,,,false,Unknown,Unknown
Maluma,Colombia,reggaeton,Person,1994-01-28,,false,Colombia,Colombia
Estelle Feat. Kanye West,United States,hip hop,Person,1977-06-08,,false,Unknown,United States
Dua Lipa,Unknown,dance-pop,Person,1995-08-22,,false,United Kingdom,United Kingdom
Khalid,United States,contemporary r&b,Person,1998-02-11,,false,Unknown,United States
Adele,United Kingdom,pop,Person,1988-05-05,,false,United Kingdom,United Kingdom
Onerepublic,United States,pop,Group,2004-01-01,,false,Unknown,United States
Bob Sinclar,France,electro house,Person,1967-05-10,,false,France,France
"David Guetta, Usher",France,house,Person,1967-11-07,,false,Unknown,France
James Ingram [+] Patty Austin,United States,2008 universal fire victim,Person,1950-08-10,,false,United States of America,United States
Marisa Liz,Portugal,"",Person,1982-01-01,,false,Portugal,Portugal
"Rihanna, Eminem",United States,hip hop,Person,1972-10-17,,false,Unknown,United States
"Jonas Blue, Dakota",Germany,"",Person,,,false,England,Germany
"Pedro Abrunhosa, Cat",Portugal,"",Person,1960-12-20,,false,Unknown,Portugal
"Bia Caboz, Piruka",Unknown,"","",,,false,Unknown,Unknown
Richie Campbell Feat. Van Zee & Frankieontheguitar,Portugal,"",Person,,,false,Unknown,Portugal
Kali Uchis,United States,alternative r&b,Person,1994-07-17,,false,United States of America,United States
Miguel Dias,Unknown,"",Person,,,false,Cuba,Cuba
Fugees,United States,hip hop,Group,1992-01-01,2006-01-01,true,Unknown,United States
Rag'N'Bone Man,Unknown,blues,Person,1985-01-29,,false,United Kingdom,United Kingdom
"Buba Espinho, Bárbara Tinoco",Unknown,"",Person,1998-11-16,,false,Unknown,Unknown
Matheus Paraiso,Unknown,"",Group,,,false,Brazil,Brazil
Hmb,Portugal,"",Group,,,false,Unknown,Portugal
Reo Speedwagon,United States,rock,Group,1967-01-01,2025-01-01,true,Unknown,United States
Bts,"Korea, Republic of",k-pop,Group,2013-06-13,,false,Unknown,"Korea, Republic of"
Kendrick Lamar,United States,hip hop,Person,1987-06-17,,false,United States of America,United States
The Game Feat. 50 Cent,United States,hip hop,Person,1975-07-06,,false,Unknown,United States
Loreen,Sweden,dance-pop,Person,1983-10-16,,false,Sweden,Sweden
Lost Frequencies & Calum Scott,Belgium,house,Person,1993-11-30,,false,Unknown,Belgium
Ban,Portugal,"",Group,1981-01-01,,true,Unknown,Portugal
Hoobastank,United States,alternative rock,Group,1994-01-01,,false,Unknown,United States
"Doja Cat, Sza",United States,contemporary r&b,Person,1989-11-08,,false,Unknown,United States
Keane,United Kingdom,alternative rock,Group,1995-01-01,,false,Unknown,United Kingdom
"Zzoilo, Aitana",Spain,2020s,Person,1999-06-27,,false,Spain,Spain
Benjamin Ingrosso,Sweden,pop,Person,1997-09-14,,false,Sweden,Sweden
"Moblack & Salif Keita Feat. Cesaria Evora, Benja & Franc Fala",Cabo Verde,morna,Person,1941-08-27,2011-12-17,true,Unknown,Cabo Verde
Pitbull [+] Christina Aguilera,United States,pop,Person,1980-12-18,,false,Unknown,United States
"David Fonseca, Márcia",Brazil,"",Person,1943-11-25,,false,Unknown,Brazil
Chris Brown Feat. Wizkid,Nigeria,afropop,Person,1990-07-16,,false,United States of America,Nigeria
"Bárbara Bandeira, Ivandro",Portugal,"",Person,1998-07-26,,false,Portugal,Portugal
Tom Walker,United Kingdom,indie pop,Person,1991-12-17,,false,Unknown,United Kingdom
Dasha,United States,"",Person,2000-02-27,,false,Unknown,United States
Future,United States,hip hop,Person,1983-11-20,,false,Unknown,United States
"Hmb, Carminho",Portugal,fado,Person,1984-08-20,,false,Portugal,Portugal
"James Arthur, Anne-Marie",United Kingdom,dance-pop,Person,1991-04-07,,false,Unknown,United Kingdom
"Seu Jorge, Ana Carolina",Brazil,"",Person,1974-09-09,,false,Unknown,Brazil
"Maroon 5, Sza",United States,contemporary r&b,Person,1989-11-08,,false,Unknown,United States
Champaign,United States,r&b,Group,1981-01-01,,false,Unknown,United States
"David Guetta, Kelly Rowland",United States,contemporary r&b,Person,1981-02-11,,false,Unknown,United States
Lukas Graham,Denmark,pop soul,Group,2011-01-01,,false,Unknown,Denmark
Rihanna [+] Mikky Ekko,United States,"",Person,1984-12-17,,false,Unknown,United States
50 Cent ,United States,hip hop,Person,1975-07-06,,false,United States of America,United States
"Avicii, Aloe Blacc",United States,contemporary r&b,Person,1979-01-07,,false,Unknown,United States
The Kid Laroi Ft. Justin Bieber,Canada,pop,Person,1994-03-01,,false,Unknown,Canada
Grelo,Unknown,"",Person,,,false,Canada,Canada
Mr. Belt & Wezol,Netherlands,"",Group,,,false,Unknown,Netherlands
Omi,Jamaica,afrobeats,Person,1986-09-03,,false,Unknown,Jamaica
Morad & Gims,France,french hip hop,Person,1986-05-06,,false,Democratic Republic of the Congo,France
"Calvin Harris, Ellie Goulding",United Kingdom,electropop,Person,1986-12-30,,false,Unknown,United Kingdom
The Weeknd ,Canada,r&b,Person,1990-02-16,,false,Canada,Canada
Dillaz Feat. Plutonio,Portugal,"",Person,,,false,Unknown,Portugal
Metro Boomin Feat. The Weeknd & 21 Savage,Canada,r&b,Person,1990-02-16,,false,Unknown,Canada
"Joana Almeirante, Samuel Uria",Portugal,"",Person,1979-09-18,,false,Unknown,Portugal
Colbie Caillat,United States,pop,Person,1985-05-28,,false,United States of America,United States
Jay Z ,United States,pop rap,Person,1969-12-04,,false,United States of America,United States
Capicua,Unknown,"",Person,,,false,Portugal,Portugal
Sevdaliza With Pabllo Vittar & Yseult,Brazil,drag queen,Person,1994-11-01,,false,Unknown,Brazil
Pedro Sampaio ,Brazil,"",Person,1997-12-21,,false,Brazil,Brazil
"Zayn, Sia",Australia,pop,Person,1975-12-18,,false,Unknown,Australia
One Direction,Unknown,boy band,Group,2010-07-23,2015-12-31,true,Unknown,Unknown
"Gary Jules, Michael Andrews",United States,soundtrack composer,Person,1967-11-17,,false,United States of America,United States
Corinne Bailey Ray,United States,"",Person,,,false,United Kingdom,United States
Dennis,Jamaica,reggae,Person,1957-02-01,1999-07-01,true,Unknown,Jamaica
Drake,Canada,hip hop,Person,1986-10-24,,false,Unknown,Canada
"Bluay, Julinho Ksd",Portugal,"",Person,,,false,Unknown,Portugal
Resistência,"","","",,,,Unknown,Unknown
Travis Scott X Bad Bunny & The Weeknd,Canada,r&b,Person,1990-02-16,,false,Unknown,Canada
"Zerb, Sofiya Nzau",Unknown,"","",,,false,Kenya,Kenya
"Lost Frequencies, Calum Scott",United Kingdom,lgbtqi,Person,1988-10-12,,false,Unknown,United Kingdom
Muni Long,United States,contemporary r&b,Person,1988-09-14,,false,United States of America,United States
Thirty Seconds To Mars,United States,alternative rock,Group,1998-01-01,,false,Unknown,United States
Harry Styles,Unknown,pop,Person,1994-02-01,,false,United Kingdom,United Kingdom
Dillaz,Unknown,hip hop,Person,1991-05-04,,false,Portugal,Portugal
Alec Benjamin,United Kingdom,classical,Person,1913-11-22,1976-12-04,true,United States of America,United Kingdom
Hugel X Topic X Arash Feat. Daecolm,United States,punk rock,Group,1977-01-01,,false,Unknown,United States
Lon3r Johny X Plutonio,Portugal,"",Person,,,false,Unknown,Portugal
Olivia Newton-John,Australia,classic pop and rock,Person,1948-09-26,2022-08-08,true,Australia,Australia
Capitão Fausto,Portugal,"",Group,,,false,Unknown,Portugal
Maroon 5 ,United States,pop,Group,2002-01-01,,false,Unknown,United States
Jimmy P. & Kikimoteleba,Unknown,"","",,,false,Unknown,Unknown
"Mark Ronson, Bruno Mars",United States,pop,Person,1985-10-08,,false,Unknown,United States
Miguel Luz,Spain,rock,Person,1958-11-11,,false,Unknown,Spain
"Kygo, Jonas Brothers",United States,teen pop,Group,2005-01-01,,false,United States of America,United States
Zé Felipe,Brazil,"",Person,1998-04-21,,false,Brazil,Brazil
Zzoilo & Aitana,Spain,2020s,Person,1999-06-27,,false,Spain,Spain
Noah Kahan,United States,folk pop,Person,1997-01-01,,false,United States of America,United States
Ja Rule ,Unknown,hip hop,Person,1976-02-29,,false,United States of America,United States of America
"Pitbull, Ne-Yo",United States,contemporary r&b,Person,1979-10-18,,false,Unknown,United States
Staysolidrocky ,Unknown,english,Person,,,false,United States of America,United States of America
Flo Rida,United States,pop rap,Person,1979-09-16,,false,United States of America,United States
Fergie,United States,pop,Person,1975-03-27,,false,United States of America,United States
Kurt Nilsen,Norway,country,Person,1978-09-29,,false,Norway,Norway
The Chainsmokers Feat. Coldplay,United Kingdom,alternative rock,Group,1996-09-01,,false,Unknown,United Kingdom
Timbaland,United States,contemporary r&b,Person,1972-03-10,,false,United States of America,United States
"Topic, A7s",Sweden,vocal house,Person,1994-05-03,,false,Sweden,Sweden
D.A.M.A. Feat. Los Romeros,Spain,"",Group,1960-01-01,,false,Colombia,Spain
David Guetta,France,house,Person,1967-11-07,,false,France,France
Vado Mas Ki As & Ivandro,Unknown,"",Person,,,false,Unknown,Unknown
Sam Smith & Normani,United States,"",Person,1996-05-31,,false,Unknown,United States
Lost Frequencies,Belgium,house,Person,1993-11-30,,false,Belgium,Belgium
Selena Gomez,United States,dance-pop,Person,1992-07-22,,false,United States of America,United States
Brandi Carlile,United States,country,Person,1981-06-01,,false,United States of America,United States
Procol Harum,United Kingdom,progressive rock,Group,1967-01-01,2022-01-01,true,Unknown,United Kingdom
"Fernando Daniel, Melim",Brazil,"",Group,2015-01-01,,false,Portugal,Brazil
Virgem Suta,Portugal,"",Group,,,false,Unknown,Portugal
Piruka Feat. Bluay,Unknown,"",Person,,,false,Portugal,Portugal
Shouse,Unknown,dance,Group,,,false,Unknown,Unknown
Ivandro,Portugal,"",Person,1998-07-26,,false,Brazil,Portugal
"Dua Lipa, Dababy",Unknown,dance-pop,Person,1995-08-22,,false,Unknown,Unknown
Benson Boone,United States,pop,Person,1934-06-01,,false,United States of America,United States
"David Guetta, Anne-Marie, Coi Leray",United States,pop rap,Person,1997-05-11,,false,United States of America,United States
Myke Towers,Puerto Rico,latin,Person,1994-01-15,,false,United States of America,Puerto Rico
"Elton John, Dua Lipa",Unknown,dance-pop,Person,1995-08-22,,false,Unknown,Unknown
Adam Port,Unknown,"",Person,,,false,Unknown,Unknown
Lady Gaga Ft. Bradley Cooper,United States,pop,Person,1986-03-28,,false,Unknown,United States
Julinho Ksd Feat. Soraia Ramos,Portugal,"","",,,false,Unknown,Portugal
Mike 11 Feat. D.A.M.A.,United States,southern rock,Group,1969-01-01,,false,Unknown,United States
Nena,Germany,pop,Person,1960-03-24,,false,Germany,Germany
Silva Ft. Anitta,Brazil,funk,Person,1993-03-30,,false,Unknown,Brazil
Bluay Feat. Irina Barros,United States,southern rock,Group,1969-01-01,,false,Unknown,United States
"Lady Gaga, Bruno Mars",United States,pop,Person,1986-03-28,,false,Unknown,United States
"Feid, Atl Jacob",Unknown,"",Person,,,false,Unknown,Unknown
 ,Unknown,special purpose artist,Other,,,false,Unknown,Unknown
Lana Del Rey,United States,indie pop,Person,1985-06-21,,false,United States of America,United States
Madredeus,Portugal,fado,Group,1985-01-01,,false,Unknown,Portugal
Gabrielle,United Kingdom,british,Person,1970-04-16,,false,Unknown,United Kingdom
Murta,Portugal,"",Person,,,false,Unknown,Portugal
Michael Marcagi,Unknown,"",Person,,,false,Unknown,Unknown
Coldplay,United Kingdom,alternative rock,Group,1996-09-01,,false,Unknown,United Kingdom
Lamb,United Kingdom,trip hop,Group,1996-01-01,,false,Unknown,United Kingdom
"D.A.M.A., Buba Espinho",Portugal,"",Person,,,false,Unknown,Portugal
Calum Scott,United Kingdom,lgbtqi,Person,1988-10-12,,false,United Kingdom,United Kingdom
S.Pedro,"","","",,,,Brazil,Brazil
Deejay Telio & Yasmine,Portugal,"",Person,1996-07-20,,false,Unknown,Portugal
Bon Jovi,United States,hard rock,Group,1983-01-01,,false,Unknown,United States
Pabllo Vittar & Duda Beat,Brazil,drag queen,Person,1994-11-01,,false,Unknown,Brazil
Anne-Marie Feat. Shania Twain,Canada,country,Person,1965-08-28,,false,Unknown,Canada
James Bay,United Kingdom,alternative rock,Person,1990-09-04,,false,Unknown,United Kingdom
Jeff Buckley,United States,alternative rock,Person,1966-11-17,1997-05-29,true,United States of America,United States
Tems ,Nigeria,afrobeats,Person,1995-06-11,,false,Nigeria,Nigeria
Farruko,Puerto Rico,latin,Person,1991-05-02,,false,United States of America,Puerto Rico
Daft Punk,France,electronic,Group,1993-01-01,2021-02-22,true,Unknown,France
Sam Smith,United States,indie folk,Person,1969-08-06,2003-10-21,true,United Kingdom,United States
Jordin Sparks,United States,pop,Person,1989-12-22,,false,United States of America,United States
Uhf,Portugal,portugal,Group,1978-01-01,,false,Unknown,Portugal
"Bárbara Bandeira, Dillaz",Unknown,hip hop,Person,1991-05-04,,false,Unknown,Unknown
Linda Perry,United States,adult contemporary,Person,1912-05-18,2001-05-12,true,United States of America,United States
Ruth B.,United States,hip hop,Person,1989-08-17,,false,Canada,United States
Danni Gato X Virgul,Portugal,"",Person,1979-08-07,,false,Unknown,Portugal
Jamelia,United Kingdom,pop,Person,1981-01-11,,false,United Kingdom,United Kingdom
Harold,United States,ambient,Person,1936-05-24,2020-12-08,true,Unknown,United States
Ivandro Feat. Julinho Ksd,Portugal,"",Person,,,false,Unknown,Portugal
Avril Lavigne,Canada,pop punk,Person,1984-09-27,,false,Canada,Canada
Xutos & Pontapés,Portugal,new wave,Group,1978-12-20,,false,Unknown,Portugal
Clean Bandit Feat. Sean Paul & Anne-Marie,United Kingdom,dance-pop,Group,2008-01-01,,false,Unknown,United Kingdom
Arctic Monkeys,United Kingdom,indie rock,Group,2002-01-01,,false,Unknown,United Kingdom
Casso X Raye X D-Block Europe,United Kingdom,"",Group,,,false,Unknown,United Kingdom
Beyoncã‰,Unknown,"",Person,,,false,Sweden,Sweden
"Pink, Willow Sage Hart",United States,"",Person,2011-06-02,,false,Unknown,United States
"Taylor Swift, Shawn Mendes",Canada,pop,Person,1998-08-08,,false,Unknown,Canada
The Underdog Project,Germany,"",Group,2001-01-01,,false,Unknown,Germany
Jawsh 685,New Zealand,english,Person,,,false,New Zealand,New Zealand
"Shakira, Wyclef Jean",Unknown,hip hop,Person,1969-10-17,,false,Unknown,Unknown
Emeli Sandé,United Kingdom,contemporary r&b,Person,1987-03-10,,false,United Kingdom,United Kingdom
"Miguel Araújo, Os Quatro E Meia",Portugal,"",Group,2013-01-01,,false,Unknown,Portugal
Billie Eilish ,United States,alternative pop,Person,2001-12-18,,false,United States of America,United States
"Gwen Stefani, Akon",Senegal,hip hop,Person,1973-04-16,,false,Unknown,Senegal
Irma,United States,2008 universal fire victim,Person,1941-02-18,,false,Unknown,United States
Lil Nas X ,United States,pop rap,Person,1999-04-09,,false,United States of America,United States
Manuel Turizo,Colombia,latin,Person,2000-04-12,,false,Colombia,Colombia
Fifty Fifty,"Korea, Republic of",girl group,Group,2022-11-10,,false,Unknown,"Korea, Republic of"
Dina,United Kingdom,soul,Person,1968-08-21,,false,Unknown,United Kingdom
Nininho Vaz Maia,Portugal,"",Person,1988-02-25,,false,Portugal,Portugal
Mundo Segundo ,Portugal,"",Person,,,false,Portugal,Portugal
Natasha Bedingfield,United Kingdom,pop,Person,1981-11-26,,false,United Kingdom,United Kingdom
B.O.B.,United States,folk rock,Person,1941-05-24,,false,United States of America,United States
Magic!,Japan,synthpop,Group,1978-01-01,,false,United States of America,Japan
American Hi-Fi,Russian Federation,"",Group,1998-08-02,,false,Unknown,Russian Federation
Usher,United States,contemporary r&b,Person,1978-10-14,,false,Unknown,United States
Bárbara Bandeira Ft. Ivandro,Portugal,"",Person,1998-07-26,,false,Unknown,Portugal
Dennis X Mc Kevin O Chris,Unknown,fixme,Person,2000-02-22,,false,Unknown,Unknown
Wet Bed Gang,Portugal,hip hop,Group,2014-01-01,,false,Unknown,Portugal
Vários: Homenagem Rc A Carlos Do Carmo,Portugal,fado,Person,1939-12-21,2021-01-01,true,Unknown,Portugal
Elton John & Britney Spears,United States,pop,Person,1981-12-02,,false,Unknown,United States
Adam Lambert,United States,pop,Person,1982-01-29,,false,United States of America,United States
Pedro Máfama,Portugal,"",Person,,,false,Portugal,Portugal
Catarina Filipe,Brazil,"",Person,1987-09-26,,false,Brazil,Brazil
Vitor Kley,Brazil,"",Person,1994-08-18,,false,Brazil,Brazil
"Usher, Beyoncé, Alicia Keys, Jd",United States,contemporary r&b,Person,1981-01-25,,false,United States of America,United States
"Bruno Mars, Lady Gaga",United States,pop,Person,1986-03-28,,false,Unknown,United States
Seu Jorge,Brazil,brazilian,Person,1970-06-08,,false,Brazil,Brazil
Bispo Feat. Barbara Tinoco,Unknown,"",Person,1998-11-16,,false,Portugal,Portugal
Amy Winehouse,United Kingdom,soul,Person,1983-09-14,2011-07-23,true,United Kingdom,United Kingdom
Bluay,Unknown,"",Person,,,false,Portugal,Portugal
Rose & Bruno Mars,United States,pop,Person,1985-10-08,,false,Unknown,United States
Calvin Harris,Unknown,dance-pop,Person,1984-01-17,,false,Scotland,Scotland
"Shawn Mendes, Camila Cabello",United States,pop,Person,1997-03-03,,false,Unknown,United States
Jorge Cruz,Cuba,bolero,Person,1925-10-21,2003-07-16,true,United States of America,Cuba
"Galantis, David Guetta & 5 Seconds Of Summer",Australia,pop rock,Group,2011-01-01,,false,Unknown,Australia
Bizarrap & Shakira,Colombia,pop,Person,1977-02-02,,false,Unknown,Colombia
"Sam Smith, Mary J. Blige",United States,contemporary r&b,Person,1971-01-11,,false,Unknown,United States
Syro Feat. Bispo,United States,southern rock,Group,1969-01-01,,false,Unknown,United States
"Jonas Blue, Jp Cooper",United Kingdom,funk,Person,1981-11-01,,false,Unknown,United Kingdom
Mick Jagger,United Kingdom,blues,Person,1943-07-26,,false,United Kingdom,United Kingdom
Sech,Panama,latin,Person,1993-12-03,,false,Unknown,Panama
24kgoldn,United States,hip hop,Person,2000-11-13,,false,United States of America,United States
Mike 11 Ft. D.A.M.A.,Czechia,"",Orchestra,1990-01-01,,false,Unknown,Czechia
Maninho,Unknown,"","",,,false,Mozambique,Mozambique
Vanessa Carlton,United States,piano pop,Person,1980-08-16,,false,United States of America,United States
"Karol G, Maldy ",Puerto Rico,latin,Person,1982-07-29,,false,Unknown,Puerto Rico
Daniel Bedingfield,United Kingdom,english,Person,1979-12-03,,false,United Kingdom,United Kingdom
Luís Trigacheiro,Unknown,"",Person,,,false,Portugal,Portugal
John Mayer,United States,acoustic rock,Person,1977-10-16,,false,United States of America,United States
"Pedro Teixeira Da Mota Feat. Lon3r Johny, Richie Campbell, Plutonio, Van Zee, Profjam & Lhast",Portugal,"",Person,1994-03-22,,false,Unknown,Portugal
"Eminem, Dido",United Kingdom,pop,Person,1971-12-25,,false,United Kingdom,United Kingdom
Justin Bieber Feat. Skrillex & Blood Diamonds,Canada,pop,Person,1994-03-01,,false,Unknown,Canada
"Metro Boomin, The Weeknd, 21 Savage ",Canada,r&b,Person,1990-02-16,,false,Unknown,Canada
Matue Feat. Rich The Kid,United States,hip hop,Person,1992-07-13,,false,Brazil,United States
Instinto 26,Portugal,"",Group,,,false,Unknown,Portugal
Quavo & Lana Del Rey,United States,indie pop,Person,1985-06-21,,false,Unknown,United States
Chris Rea,United Kingdom,blues,Person,1951-03-04,,false,United Kingdom,United Kingdom
David Guetta & Bebe Rexha,United States,pop,Person,1989-08-30,,false,Unknown,United States
"Ana Moura, Pedro Mafama",Portugal,"",Person,,,false,Portugal,Portugal
Feid & Rema,Nigeria,afrobeat,Person,2000-05-01,,false,Colombia,Nigeria
Anita Baker,United States,jazz,Person,1929-12-23,1988-05-13,true,United States of America,United States
Jura,Unknown,"","",,,,Unknown,Unknown
Teddy Swims,United States,alternative rock,Person,1992-09-25,,false,United States of America,United States
Aurea,Portugal,"",Person,1987-09-07,,false,Unknown,Portugal
"Twololors, Safri Duo, Chris De Sarajdy",Denmark,electronic,Group,1988-01-01,,false,Unknown,Denmark
Lost Frequencies Feat. Janieck Devy,Belgium,house,Person,1993-11-30,,false,Unknown,Belgium
Dan + Shay,United States,country pop,Group,2012-12-01,,false,Unknown,United States
"Dj Topo, Seu Jorge, Mc Leozin & Mc G15",Brazil,"",Person,1998-10-01,,false,Unknown,Brazil
Khiaro,Unknown,"","",,,false,Unknown,Unknown
French Montana,United States,hip hop,Person,1984-11-09,,false,Algeria,United States
"Pablo Alborán, Carminho",Spain,pop,Person,1989-05-31,,false,Unknown,Spain
"João Pedro Pais, Mafalda Veiga",Portugal,folk,Person,1965-12-24,,false,Portugal,Portugal
Camilo ,Spain,canción melódica,Person,1946-09-16,2019-09-08,true,Unknown,Spain
All 4 One,Unknown,"",Group,,,false,Unknown,Unknown
Soraia Ramos Feat. Carolina Deslandes,Portugal,"",Person,1991-08-27,,false,Unknown,Portugal
Charlotte Day Wilson,Canada,alternative r&b,Person,1993-01-01,,false,Canada,Canada
Luísa Sonza ,Brazil,alternative pop,Person,1998-07-18,,false,Brazil,Brazil
"Macklemore & Ryan Lewis, Ray Dalton",United States,hip hop,Group,2009-01-01,,false,United States of America,United States
Ll Cool J Feat. Eminem,United States,hip hop,Person,1972-10-17,,false,Unknown,United States
Tiesto,Unknown,"","",,,,Kingdom of the Netherlands,Kingdom of the Netherlands
The Chainsmokers [+] Halsey,United States,electro house,Group,2012-01-01,,false,Unknown,United States
"Elton John, Britney Spears",United States,pop,Person,1981-12-02,,false,Unknown,United States
"Jay Z, Alicia Keys",United States,contemporary r&b,Person,1981-01-25,,false,Unknown,United States
Simon & Garfunkel,United States,folk rock,Group,1963-01-01,1970-01-01,true,Unknown,United States
"Pink, Nate Ruess",United States,indie pop,Person,1982-02-26,,false,United States of America,United States
Macklemore & Ryan Lewis Feat. Ray Dalton,United States,hip hop,Group,2009-01-01,,false,Unknown,United States
Benson Boone ,United States,pop,Person,1934-06-01,,false,United States of America,United States
"Calvin Harris, Disciples",Unknown,dance-pop,Person,1984-01-17,,false,Unknown,Unknown
Whitney Houston,United States,contemporary r&b,Person,1963-08-09,2012-02-11,true,United States of America,United States
Bryan Adams,Canada,rock,Person,1959-11-05,,false,Canada,Canada
David Carreira & Juliette,Portugal,"",Person,1991-07-30,,false,Brazil,Portugal
Mizzy Miles ,United States,jazz,Person,1926-05-26,1991-09-28,true,Unknown,United States
John Legend,United States,soul,Person,1978-12-28,,false,United States of America,United States
"Ariana Grande, Nicki Minaj",United States,hip hop,Person,1982-12-08,,false,Unknown,United States
Jennifer Lopez,United States,pop,Person,1969-07-24,,false,United States of America,United States
Daughtry,United States,alternative rock,Group,2006-07-10,,false,United States of America,United States
Joji,United States,ballad,Person,1992-09-18,,false,Japan,United States
Green Day,United States,punk rock,Group,1989-01-01,,false,Unknown,United States
Ofenbach Feat. Justin Jesso,United States,"",Person,,,false,Unknown,United States
The Killers,United States,alternative rock,Group,2001-01-01,,false,Unknown,United States
Nelly Furtado,Canada,pop,Person,1978-12-02,,false,Canada,Canada
David Kushner,United States,"",Person,,,false,United States of America,United States
Zoe Wees,Germany,pop,Person,2002-05-13,,false,Germany,Germany
"H.E.R., Daniel Caesar",Canada,caesar,Person,1995-04-05,,false,Canada,Canada
Tyla,United Kingdom,spike,Person,,,false,South Africa,United Kingdom
Andra Day,United States,pop,Person,1922-04-03,2019-05-13,true,United States of America,United States
Justin Bieber & Benny Blanco,Canada,pop,Person,1994-03-01,,false,Unknown,Canada
Ashanti,United States,r&b,Person,1980-10-13,,false,Unknown,United States
Gabriella Cilmi,Australia,pop,Person,1991-10-10,,false,Australia,Australia
"Inês Apenas, Irma",Portugal,"",Person,,,false,Unknown,Portugal
Silk Sonic,United States,alternative rock,Group,1981-01-01,2011-11-14,true,Unknown,United States
Floyymenor Feat. Cris Mj,Unknown,"",Person,2001-11-11,,false,Unknown,Unknown
Diogo Piçarra Ft. Carolina Deslandes,Portugal,"",Person,1991-08-27,,false,Unknown,Portugal
"Rosé, Bruno Mars",United States,pop,Person,1985-10-08,,false,Unknown,United States
"Camila Cabello, Ed Sheeran",United Kingdom,pop,Person,1991-02-17,,false,Unknown,United Kingdom
Flying Pickets,United Kingdom,a cappella,Group,1982-01-01,,false,Unknown,United Kingdom
Bárbara Tinoco Ft. Bárbara Bandeira,Unknown,"",Person,1998-11-16,,false,Unknown,Unknown
"The Chainsmokers, Coldplay",United Kingdom,alternative rock,Group,1996-09-01,,false,Unknown,United Kingdom
Calema & Zã‰ Filipe,Unknown,special purpose artist,Other,,,false,Unknown,Unknown
Billy Gillies Feat. Hannah Boleyn,United Kingdom,"",Person,1990-02-18,,false,Unknown,United Kingdom
Rui Veloso,"","","",,,,Portugal,Portugal
Instinto 26 & Ivandro,Portugal,"",Person,1998-07-26,,false,Unknown,Portugal
Jimin,"Korea, Republic of",ballad,Person,1995-10-13,,false,South Korea,"Korea, Republic of"
Nicolaj Grandjean,Denmark,"",Person,1973-06-11,,false,Unknown,Denmark
Djo,United States,bedroom pop,Person,1992-04-24,,false,Unknown,United States
Branko,Unknown,"",Person,,,false,Unknown,Unknown
Buba Espinho Ft. Bandidos Do Cante,Portugal,"",Person,,,false,Unknown,Portugal
3 Doors Down,United States,alternative rock,Group,1996-01-01,,false,Unknown,United States
Expensive Soul,Portugal,"",Group,1999-01-01,,false,Unknown,Portugal
Afonso Dubraz,Portugal,singer-songwriter,Person,1929-08-02,1987-02-23,true,Unknown,Portugal
The Script,Ireland,breakeven,Group,2001-01-01,,false,Unknown,Ireland
Sevdaliza,Netherlands,alternative r&b,Person,1987-09-01,,false,Kingdom of the Netherlands,Netherlands
Antonio José Ft. Diogo Piçarra,Portugal,"",Person,1990-10-19,,false,Unknown,Portugal
Pikika,Portugal,"",Person,,,false,Unknown,Portugal
Kevin O Chris,Brazil,"",Person,1997-12-05,,false,Brazil,Brazil
David Fonseca,Colombia,latin,Person,1979-05-29,,false,Portugal,Colombia
Van Zee ,Germany,classical,Person,1770-12-17,1827-03-26,true,Unknown,Germany
Gama Wntd,Ireland,thrash metal,Group,2002-01-01,,false,Unknown,Ireland
"Diogo Piçarra, Pedro Abrunhosa",Portugal,"",Person,1960-12-20,,false,Unknown,Portugal
António Zambujo,Portugal,ballade,Person,1975-09-19,,false,Portugal,Portugal
André Sardet,Unknown,"",Person,1976-01-01,,false,Portugal,Portugal
Run The Jewels ,United States,hip hop,Group,2013-01-01,,false,Unknown,United States
Outkast,United States,hip hop,Group,1991-01-01,,false,Unknown,United States
A Garota Não,Portugal,"",Person,1983-10-29,,false,Portugal,Portugal
Eliza Rose & Calvin Harris,Unknown,dance-pop,Person,1984-01-17,,false,United Kingdom,United Kingdom
French Montana Feat. Swae Lee,United States,hip hop,Person,1993-06-07,,false,Unknown,United States
Mitski,United States,indie rock,Person,1990-09-27,,false,United States of America,United States
"",Unknown,special purpose artist,Other,,,false,Unknown,Unknown
Lil Nas X,United States,pop rap,Person,1999-04-09,,false,United States of America,United States
Os Azeitonas,Portugal,"",Group,2002-01-01,,false,Unknown,Portugal
Veigh,Brazil,hip hop,Person,2001-09-12,,false,United States of America,Brazil
The Weeknd Feat. Ariana Grande,United States,pop,Person,1993-06-26,,false,Unknown,United States
Grand Pulsar,France,progressive rock,Group,1974-01-01,,false,Unknown,France
"Metro Boomin, The Weeknd, 21 Savage",Canada,r&b,Person,1990-02-16,,false,Unknown,Canada
"Mizzy Miles, Van Zee, Bispo",United States,jazz,Person,1926-05-26,1991-09-28,true,Portugal,United States
"The Weeknd, Daft Punk",France,electronic,Group,1993-01-01,2021-02-22,true,Unknown,France
Sade,United Kingdom,smooth jazz,Group,1982-01-01,,false,France,United Kingdom
Gary Jules,France,composer,Person,1842-05-12,1912-08-13,true,United States of America,France
Sophie B. Hawkins,United States,rock,Person,1964-11-01,,false,United States of America,United States
Pedro Sampaio,"","","",,,,Brazil,Brazil
Fingertips,Portugal,soft rock,Group,2002-01-01,,false,Unknown,Portugal
Diana Krall,Canada,jazz,Person,1964-11-16,,false,Canada,Canada
"Matias Damásio, Carlos Rivera",Angola,kizomba,Person,1982-05-09,,false,Unknown,Angola
Richie Campbell,United States,country,Person,1936-04-22,2017-08-08,true,United Kingdom,United States
Arizona Zervas,United States,hip hop,Person,1995-04-19,,false,United States of America,United States
Post Malone,United States,hip hop,Person,1995-07-04,,false,United States of America,United States
Mimi Webb,United Kingdom,electropop,Person,2000-07-23,,false,United Kingdom,United Kingdom
Giulia Be Feat. Luan Santana,Brazil,country,Person,1991-03-13,,false,Brazil,Brazil
Beyonce Feat. Sean Paul,Jamaica,dancehall,Person,1973-01-09,,false,Unknown,Jamaica
Pedro Sampaio & Marina Sena,Brazil,pop,Person,1996-09-26,,false,Unknown,Brazil
Shawn Mullins,United States,alternative rock,Person,1968-03-08,,false,United States of America,United States
"Coldplay, Beyoncé",United States,pop,Person,1981-09-04,,false,Unknown,United States
Train,United States,pop,Group,1994-01-01,,false,Unknown,United States
"Márcia, Jp Simões",Portugal,"",Person,1970-01-01,,false,Unknown,Portugal
Sippinpurpp ,Portugal,"",Person,,,false,Unknown,Portugal
Christina Aguilera,United States,pop,Person,1980-12-18,,false,United States of America,United States
Niall Horan,Ireland,pop,Person,1993-09-13,,false,Ireland,Ireland
Lifehouse,United States,alternative rock,Group,1996-01-01,,false,Unknown,United States
Gym Class Heroes [+] Patrick Stump,United States,hip hop,Group,1997-01-01,2019-01-01,true,Unknown,United States
Barbara Tinoco,Unknown,"",Person,1998-11-16,,false,Portugal,Portugal
Rag N Bone Man,Unknown,blues,Person,1985-01-29,,false,United Kingdom,United Kingdom
Trovante,Portugal,"",Group,1976-01-01,1992-01-01,true,Portugal,Portugal
Gracie Abrams,United States,folk pop,Person,1999-09-07,,false,United States of America,United States
Anastacia,United States,pop rock,Person,1968-09-17,,false,United States of America,United States
Disturbed,United States,alternative metal,Group,1996-01-01,,false,Unknown,United States
Barbara Bandeira Feat. Dillaz,Unknown,hip hop,Person,1991-05-04,,false,Unknown,Unknown
Nuno Ribeiro,Portugal,"",Person,,,false,Portugal,Portugal
Jao,Brazil,pop,Person,1994-11-03,,false,Unknown,Brazil
Zayn Ft. Sia,Australia,pop,Person,1975-12-18,,false,Unknown,Australia
Evanescence,United States,alternative metal,Group,1995-01-01,,false,Unknown,United States
Michael Bolton,United States,pop,Person,1953-02-26,,false,United States of America,United States
